chamber,temp_C,total_DW_g,total_AFDW_g,rock_SA_m2,NEP_mg_d,ER_mg_d,GPP_mg_d,treatment,GPP_mgO2_d_gAFDW,NEP_mgO2_d_gAFDW,ER_mgO2_d_gAFDW,GPP_mgO2_d_m2,NEP_mgO2_d_m2,ER_mgO2_d_m2,nutrient_trt,nutrients,season,month,NO3_N_ug_L,NH4_N_ug_L,SRP_ug_L,DP_ug_L,exp_ID,rock_ID,total_chla_ug,date,SDW_60C_g,SCW_500C_g,total_AFDW_g_2,GPP_mgO2_d_gAFDW_2,NEP_mgO2_d_gAFDW_2,ER_mgO2_d_gAFDW_2,AI,periphyton_PP_ug_L,periphyton_PP_ug_g,periphyton_particulate_N_ug_g,periphyton_particulate_C_ug_g,periphyton_particulate_N_ug_L,periphyton_particulate_C_ug_L
1,13,2.75,0.172,0.014530157,37.4053179457799,13.434395040534,50.8397129863139,13C,295.5797266646157,217.47277875453432,78.1069479100814,3498.910093422521,2574.3230404034794,924.5870530190416,ambient,0,spring,march,1.41,0.39,8.95,9.69,1,1,238.8,2021-03-01,NA,NA,0.172,295.5797266646157,217.47277875453432,78.1069479100814,720.2680067001675,3348.5074805000004,NA,NA,NA,8600,86200
2,10,2.963571429,0.212142857,0.014530157,36.3569362405636,7.34040173052358,43.69733797108718,10C,205.98071784753603,171.3794975456732,34.60122030186282,3007.354839392801,2502.170915328967,505.1839240638336,ambient,0,spring,march,1.41,0.39,8.95,9.69,1,2,759.5,2021-03-01,NA,NA,0.212142857,205.98071784753603,171.3794975456732,34.60122030186282,279.31910072416065,5791.878516,NA,NA,NA,15600,153600
3,13,6.882,0.582,0.014530157,34.9948270410187,13.4621728866938,48.4569999277125,13C,83.25945004761599,60.12856879900121,23.130881248614777,3334.9261076609496,2408.4273171321342,926.4987905288152,ambient,0,spring,march,1.41,0.39,8.95,9.69,1,3,182.8,2021-03-01,NA,NA,0.582,83.25945004761599,60.12856879900121,23.130881248614777,3183.807439824945,2524.663076,NA,NA,NA,5800,42400
4,10,11.908,0.354,0.014530157,NA,NA,NA,10C,NA,NA,NA,NA,NA,NA,ambient,0,spring,march,1.41,0.39,8.95,9.69,1,4,457.5,2021-03-01,NA,NA,0.354,NA,NA,NA,773.7704918032787,2997.433872,NA,NA,NA,16000,153800
5,16,5.6,0.104,0.014530157,55.3124857118161,14.8033022554912,70.1157879673073,16C,674.1902689164164,531.850824152078,142.33944476433848,4825.535468564262,3806.7369617421273,1018.7985068221356,ambient,0,spring,march,1.41,0.39,8.95,9.69,1,5,643.1,2021-03-01,NA,NA,0.104,674.1902689164164,531.850824152078,142.33944476433848,161.7166848079614,2985.464991,NA,NA,NA,11400,106600
6,13,4.274,0.17,0.014530157,46.1577719063456,10.8441161872801,57.0018880936257,13C,335.30522408015116,271.5163053314447,63.78891874870647,3923.005656003971,3176.6877609337325,746.3178950702392,ambient,0,spring,march,1.41,0.39,8.95,9.69,1,6,382.3,2021-03-01,NA,NA,0.17,335.30522408015116,271.5163053314447,63.78891874870647,444.6769552707298,5239.6211845,NA,NA,NA,11600,111800
7,16,6.568,0.17,0.014530157,48.0514360996031,12.8085988653918,60.8600349649949,16C,358.0002056764406,282.6555064682535,75.34469920818705,4188.532509662139,3307.014239392121,881.5182702700184,ambient,0,spring,march,1.41,0.39,8.95,9.69,1,7,212.6,2021-03-01,NA,NA,0.17,358.0002056764406,282.6555064682535,75.34469920818705,799.6237064910631,5354.760772,NA,NA,NA,7200,73600
8,16,3.221666667,0.319444444,0.014530157,42.7667398015654,13.3998996038365,56.1666394054019,16C,175.82600186153778,133.87848999986176,41.94751186167602,3865.521852613286,2943.3088576789223,922.2129949343632,ambient,0,spring,march,1.41,0.39,8.95,9.69,1,8,375.4,2021-03-01,NA,NA,0.319444444,175.82600186153778,133.87848999986176,41.94751186167602,850.9441768779968,3560.9160465,NA,NA,NA,9400,86800
9,7,3.554,0.222,0.014530157,31.5906364361747,12.4233339101603,44.013970346335,7C,198.2611276861937,142.30016412691307,55.96096355928063,3029.146233336295,2174.1428145734903,855.0034187628048,ambient,0,spring,march,1.41,0.39,8.95,9.69,1,9,389.9,2021-03-01,NA,NA,0.222,198.2611276861937,142.30016412691307,55.96096355928063,569.376763272634,5173.79234,NA,NA,NA,8000,75200
10,10,2.844,0.178,0.014530157,45.9157219561891,5.11218234883134,51.02790430502044,10C,286.6736196911261,257.95349413589383,28.720125555232247,3511.861868045916,3160.0293070604193,351.83256098549657,ambient,0,spring,march,1.41,0.39,8.95,9.69,1,10,432.1,2021-03-01,NA,NA,0.178,286.6736196911261,257.95349413589383,28.720125555232247,411.94168016662803,6619.0347095,NA,NA,NA,10000,102000
14,13,1.691764706,0.069411765,0.014530157,43.2691817673866,14.6611531020916,57.9303348694782,13C,834.5895666171031,623.3695651938342,211.2200014232688,3986.903573683216,2977.8881100449635,1009.0154636382524,ambient,0,spring,march,1.41,0.39,8.95,9.69,1,11,337.6,2021-03-01,NA,NA,0.069411765,834.5895666171031,623.3695651938342,211.2200014232688,205.6035693127962,NA,NA,NA,NA,6400,61200
15,7,0.956,0.078,0.014530157,25.9142551046993,16.7519472409197,42.666202345619,7C,547.0025941746026,332.23403980383716,214.7685543707654,2936.389630588231,1783.4807362851827,1152.9088943030486,ambient,0,spring,march,1.41,0.39,8.95,9.69,1,12,227.9,2021-03-01,NA,NA,0.078,547.0025941746026,332.23403980383716,214.7685543707654,342.25537516454585,NA,NA,NA,NA,6600,66600
17,10,9.170714286,0.266428571,0.014530157,42.4918702489316,6.07137306836134,48.56324331729294,10C,182.2749081865283,159.48691271902516,22.787995467503144,3342.2380306897535,2924.3916806220054,417.84635006774806,ambient,0,spring,march,1.41,0.39,8.95,9.69,1,13,473.6,2021-03-01,NA,NA,0.266428571,182.2749081865283,159.48691271902516,22.787995467503144,562.5603272804054,5160.616397,NA,NA,NA,16800,170800
18,16,9.542,0.186,0.014530157,61.5802432217171,15.623578381908,77.2038216036251,16C,415.0743096969091,331.0765764608446,83.99773323606452,5313.350819514551,4238.098956653882,1075.2518628606697,ambient,0,spring,march,1.41,0.39,8.95,9.69,1,14,418,2021-03-01,NA,NA,0.186,415.07430969690915,331.0765764608446,83.99773323606452,444.9760765550239,3260.749252,NA,NA,NA,14800,150800
19,7,6.804,0.52,0.014530157,34.0978371270905,15.188278675711,49.286115802801504,7C,94.78099192846445,65.57276370594327,29.208228222521154,3391.987836249911,2346.6943355870485,1045.2935006628627,ambient,0,spring,march,1.41,0.39,8.95,9.69,1,15,506.3,2021-03-01,NA,NA,0.52,94.78099192846443,65.57276370594327,29.208228222521154,1027.059055895714,2449.867677,NA,NA,NA,20800,199600
20,7,3.052666667,0.434666667,0.014530157,32.5574039056554,9.47818314891755,42.03558705457295,7C,96.70763885506994,74.90200279299401,21.80563606207593,2892.989184808736,2240.678053627046,652.3111311816899,ambient,0,spring,march,1.41,0.39,8.95,9.69,1,16,541.4,2021-03-01,NA,NA,0.434666667,96.70763885506994,74.90200279299401,21.80563606207593,802.8567916512745,2782.283064,NA,NA,NA,16800,169000
1,10,28.48717877,0.483543118,0.011825093,33.9386518645626,12.1469945330879,46.0856463976505,10C,95.3082459083835,70.18743644814442,25.120809460239077,3897.2755983949137,2870.0536955237985,1027.221902871115,enriched,1,spring,march,534.89,571.52,823.85,822.82,2,17,69.93495713,2021-03-15,0.8717,0.8409,1.0065448045382601,45.78598606824235,33.71797431325626,12.068011754986092,14392.584850909741,NA,174.2607981,1446.9162597214686,13926.568999819136,NA,NA
2,13,6.374623429,0.142435919,0.006300919,41.1108290784771,15.4073987617491,56.5182278402262,13C,396.7975791290833,288.6268391224906,108.17074000659272,8969.83881878599,6524.576665479607,2445.2621533063825,enriched,1,spring,march,534.89,571.52,823.85,822.82,2,18,247.1541241,2021-03-15,0.5202,0.4983,0.26836649960611275,210.60090556451425,153.1891243460579,57.41178121845636,1085.8265083917033,NA,54.47611358,2019.8310686742566,17627.616599338966,NA,NA
3,13,21.03466924,0.319144714,0.010403278,45.8565281371245,16.8053467941139,62.6618749312384,13C,196.34313896622584,143.68568904802385,52.65744991820199,6023.28178976265,4407.892217926359,1615.3895718362903,enriched,1,spring,march,534.89,571.52,823.85,822.82,2,19,626.6070374,2021-03-15,0.7106,0.6812,0.8702776184294956,72.00216758914026,52.69183897878158,19.310328610358674,1388.8730360267984,NA,401.0088791,1096.2908825141606,10049.333089713138,NA,NA
4,13,19.82967607,0.445521535,0.01811616,71.3760479606442,23.6133790962414,94.9894270568856,13C,213.2095074975121,160.2078515927276,53.001655904784485,5243.353285513354,3939.910442425117,1303.4428430882372,enriched,1,spring,march,534.89,571.52,823.85,822.82,2,20,908.7767737,2021-03-15,0.7005,0.6695,0.8775445512776596,108.24456367324701,81.33609610671544,26.908467566531563,965.6326797446843,NA,558.0490724,1567.0910871694416,15083.251714005875,NA,NA
5,7,13.57310015,0.294969815,0.01156687,22.2088827205533,15.8248445578591,38.0337272784124,7C,128.94108259318804,75.29205224118712,53.64903035200093,3288.1606932914783,1920.0425629883712,1368.1181303031071,enriched,1,spring,march,534.89,571.52,823.85,822.82,2,21,831.8491873,2021-03-15,0.8002,0.7644,0.6072444206073491,62.6333087430793,36.57321824108419,26.06009050199511,729.9934049083239,NA,670.1459925,1426.330052774212,13835.401511909857,NA,NA
6,7,18.65787101,0.308404108,0.010447311,24.531905189842,17.2683843474371,41.8002895372791,7C,135.53739542690883,79.54467710865252,55.99271831825632,4001.0572612683873,2348.154964453724,1652.9022968146633,enriched,1,spring,march,534.89,571.52,823.85,822.82,2,22,688.8714916,2021-03-15,0.8433,0.8119,0.6947197316660758,60.16856529615721,35.311945338028075,24.856619958129137,1008.4895951384087,NA,706.6193115,3182.4611032531825,22454.031117397455,NA,NA
7,7,17.98529669,0.344641016,0.009027461,24.0133830249459,16.2239499978181,40.237333022764,7C,116.75143454998404,69.67650949864277,47.074925051341246,4457.214827376601,2660.0373045029933,1797.1775228736074,enriched,1,spring,march,534.89,571.52,823.85,822.82,2,23,809.2348952,2021-03-15,1.0991,1.0558,0.7085463985779257,56.788564734111354,33.89105226297317,22.897512471138185,875.5756860964461,NA,632.7287371,1582.5914935707222,14045.499505440159,NA,NA
8,10,13.60287223,0.241798135,0.00667376,51.6645539312522,20.272520388897,71.93707432014921,10C,297.50880551725186,213.66812416171945,83.84068135553238,10779.092193928042,7741.446190940669,3037.6460029873715,enriched,1,spring,march,534.89,571.52,823.85,822.82,2,24,527.8614912,2021-03-15,0.6087,0.5359,1.6268918980515847,44.21748882412116,31.75659918961256,12.460889634508591,3082.0431593771555,NA,390.8419669,1311.8440779610194,12743.628185907046,NA,NA
9,10,12.79836937,0.236923003,0.007956287,25.2789917571504,12.5419448357985,37.8209365929489,10C,159.63387308976874,106.69707642170312,52.93679666806562,4753.59129113227,3177.23477762308,1576.356513509191,enriched,1,spring,march,534.89,571.52,823.85,822.82,2,25,572.2476221,2021-03-15,0.6854,0.6592,0.48922859278377584,77.30728978398979,51.67112497106837,25.636164812921425,854.9246408197104,NA,476.5701818,1249.553730810425,11067.475901463762,NA,NA
10,13,15.15618185,0.311073288,0.011958724,59.3968515124166,23.4250219192272,82.82187343164381,13C,266.24553321223715,190.94166488643216,75.30386832580494,6925.644695173482,4966.821837548605,1958.8228576248769,enriched,1,spring,march,534.89,571.52,823.85,822.82,2,26,656.1606233,2021-03-15,0.9065,0.8638,0.7139205350193043,116.00993299541989,83.19812724088476,32.811805754535115,1088.0270922519169,NA,481.2623477,1451.6798009124846,14309.41518042306,NA,NA
11,16,14.30077643,0.338396978,0.010852669,49.2927101548548,16.1839216942713,65.47663184912611,16C,193.49059272369183,145.66533792998234,47.82525479370947,6033.228494218897,4541.989639125159,1491.2388550937378,enriched,1,spring,march,534.89,571.52,823.85,822.82,2,27,740.3167928,2021-03-15,0.6214,0.5923,0.6697016319810085,97.76985559292008,73.60398691137227,24.165868681547796,904.6149411903608,NA,495.6364267,1487.357461576599,15369.360436291523,NA,NA
12,10,15.25124674,0.272666145,0.012927692,22.5761298419604,11.4011965143512,33.9773263563116,10C,124.61145976267645,82.79770061648247,41.813759146193966,2628.2592713619415,1746.3387774059286,881.9204939560133,enriched,1,spring,march,534.89,571.52,823.85,822.82,2,28,1068.254622,2021-03-15,1.1115,1.0709,0.5570855759280248,60.99121539758096,40.52542520841938,20.465790189161584,521.491378979519,NA,420.0831164,1482.8794823402534,13345.91534106228,NA,NA
13,16,13.94306885,0.271828358,0.008121895,51.5842956087419,18.060756208994,69.64505181773589,16C,256.20966234043874,189.7678961395996,66.44176620083914,8574.975645183284,6351.263542405054,2223.712102778231,enriched,1,spring,march,534.89,571.52,823.85,822.82,2,29,621.0702924,2021-03-15,0.7432,0.7211,0.41461493754709383,167.97525971872466,124.41494730971365,43.56031240901102,667.5813392150808,NA,451.0424486,1378.3597518952447,11888.352860096486,NA,NA
14,16,4.676860423,0.125445054,0.008572842,32.7372245658,16.9984515172089,49.7356760830089,16C,396.4737906925282,260.9686354457626,135.50515524676564,5801.538869258164,3818.7131602098807,1982.8257090482828,enriched,1,spring,march,534.89,571.52,823.85,822.82,2,30,239.7191036,2021-03-15,0.5829,0.5487,0.27440148647555335,181.25148198655947,119.30410795612283,61.94737403043662,1144.679261496927,NA,533.9402647,1788.1978939002584,16292.46969998013,NA,NA
15,7,9.794853254,0.288539407,0.010189225,NA,NA,NA,7C,NA,NA,NA,NA,NA,NA,enriched,1,spring,march,534.89,571.52,823.85,822.82,2,31,590.349894,2021-03-15,0.5859,0.5523,0.5617120145663076,NA,NA,NA,951.489989708218,NA,434.3295667,2547.5210660395846,25279.247501469723,NA,NA
16,16,17.36919173,0.509714184,0.021030697,93.7729541661115,18.2692014559058,112.0421556220173,16C,219.8136899835954,183.97163961619617,35.84205036739923,5327.553129695002,4458.860976700463,868.6921529945394,enriched,1,spring,march,534.89,571.52,823.85,822.82,2,32,743.1035516,2021-03-15,0.5514,0.5216,0.9387049574791455,119.35822297444984,99.89608920137698,19.46213377307286,1263.2222729362416,NA,427.0616231,1919.155571548519,19431.450161928755,NA,NA
1,13,11.39231935,0.458918646,0.017601317,48.7686365603488,12.827346634852692,61.59598319520149,13C,134.21983118812193,106.2685880938226,27.95124309429932,3499.509905719072,2770.737926051147,728.7719796679246,ambient,0,spring,april,7.03,1.22,2.53,8.38,3,33,627.7661037,2021-04-07,0.3763,0.3367,1.198872830879618,51.37824597293465,40.67874031690839,10.699505656026265,1909.7444475156644,NA,15631.29982,2035.5543493011264,23612.430451893066,NA,NA
2,10,5.515497173,0.340462788,0.013251864,33.39773086082248,9.381917001848748,42.779647862671226,10C,125.65146433175312,98.09509890056611,27.556365431186993,3228.1985283482554,2520.228917292124,707.9696110561312,ambient,0,spring,april,7.03,1.22,2.53,8.38,3,34,457.0206648,2021-04-07,0.3725,0.3373,0.5211959744687249,82.07977413155994,64.07902688593492,18.00074724562502,1140.4210238432197,NA,15366.26696,2791.6251246261218,38883.34995014955,NA,NA
3,16,4.473079105,0.252409186,0.016095306,53.15346432461887,15.520068092797786,68.67353241741665,16C,272.0722391514572,210.584508301607,61.48773084985023,4266.6807588135725,3302.420241318734,964.260517494839,ambient,0,spring,april,7.03,1.22,2.53,8.38,3,35,213.3991647,2021-04-07,0.5016,0.4471,0.48601038919956174,141.30054406968338,109.36693022583394,31.933613843849454,2277.470907080649,NA,21865.21105,5234.587049243893,66304.76929042264,NA,NA
4,7,17.1585816,0.568389011,0.013115778,35.2969623441904,12.691873067227064,47.98883541141746,7C,84.42956229394353,62.10000837646454,22.329553917478997,3658.863043535615,2691.183271338566,967.6797721970488,ambient,0,spring,april,7.03,1.22,2.53,8.38,3,36,582.228875,2021-04-07,0.6287,0.5868,1.1435415445204404,41.9651001237058,30.866357687942727,11.098742435763077,1964.0756300869489,NA,16661.23257,1760.1760176017603,21562.156215621566,NA,NA
5,16,25.37968333,0.511435671,0.015746143,77.19376792563148,19.92637316028104,97.12014108591252,16C,189.89708108551645,150.9354397879523,38.96164129756416,6167.868606674822,4902.392155693713,1265.476450981109,ambient,0,spring,april,7.03,1.22,2.53,8.38,3,37,620.1950812,2021-04-07,1.0471,1.0151,0.7756182471206196,125.2164211536516,99.52546657096214,25.690954582689454,1250.6036739599663,NA,19591.20133,1543.20987654321,21776.406035665295,NA,NA
6,10,5.543601856,0.488730642,0.01104649,30.87023662449758,10.503768596631566,41.374005221129146,10C,84.65604909038862,63.16411121301778,21.491937877370837,3745.443595307572,2794.5742606472804,950.8693346602917,ambient,0,spring,april,7.03,1.22,2.53,8.38,3,38,462.9102129,2021-04-07,0.4612,0.3924,0.8269726966452728,50.03067862937727,37.32920899290495,12.701469636472318,1786.464574770398,NA,32131.65659,7405.793944674362,82988.45567414507,NA,NA
7,16,17.18577958,0.34035459,0.012567151,36.395701871586795,12.577429583079672,48.973131454666465,16C,143.8885588546535,106.93465856178638,36.95390029286713,3896.915972018357,2896.0980791578613,1000.8178928604956,ambient,0,spring,april,7.03,1.22,2.53,8.38,3,39,285.2795874,2021-04-07,0.6897,0.6661,0.5880591533826289,83.27926055221423,61.89122584391679,21.388034708297432,2061.343255373163,NA,18895.23712,639.6588486140724,6609.808102345415,NA,NA
8,13,9.063153269,0.291694233,0.007748686,29.64905692979068,8.366461527417975,38.01551845720866,13C,130.32660284788233,101.6443027510615,28.682300096820818,4906.060002587362,3826.333513810042,1079.7264887773197,ambient,0,spring,april,7.03,1.22,2.53,8.38,3,40,275.1404277,2021-04-07,0.6915,0.6575,0.4456214188662333,85.30900187412257,66.53418277161121,18.774819102511366,1619.6144732031808,NA,17038.58202,1482.9461196243203,17960.125226561213,NA,NA
9,10,5.998774704,0.474573433,0.016131767,29.08478122202528,9.586126237660457,38.670907459685736,10C,81.48561375471209,61.28615552321759,20.199458231494507,2397.189809379576,1802.950738256093,594.239071123483,ambient,0,spring,april,7.03,1.22,2.53,8.38,3,41,374.9487316,2021-04-07,0.3486,0.3044,0.7606019561583479,50.84250329174138,38.23916174095428,12.603341550787103,2028.549217682826,NA,14180.47862,3082.719643774619,36478.849117999656,NA,NA
10,16,18.80623723,0.746501428,0.021742777,57.08679053374124,19.958412334470182,77.04520286821142,16C,103.20837975438062,76.47244652523456,26.735933229146056,3543.4849406868043,2625.551949217031,917.9329914697732,ambient,0,spring,april,7.03,1.22,2.53,8.38,3,42,802.1251528,2021-04-07,0.6335,0.5954,1.131045995995262,68.11854083831103,50.47256321658945,17.645977621721574,1410.0617491511007,NA,NA,2225.401367032268,29566.046733428706,NA,NA
11,10,18.25841019,0.388660576,0.016035587,45.7822712951216,11.054665494598408,56.836936789720006,10C,146.23797806989307,117.7949967714801,28.44298129841296,3544.4250833923325,2855.0418076445594,689.3832757477733,ambient,0,spring,april,7.03,1.22,2.53,8.38,3,43,415.2608121,2021-04-07,0.6505,0.6232,0.7662637942920828,74.17411237892185,59.74740244306834,14.42670993585352,1845.2591045541683,NA,17671.70824,1705.2375152253348,21680.876979293545,NA,NA
12,13,2.67553907,0.2816843,0.012325629,29.83923292114525,8.432743077781655,38.271975998926905,13C,135.86833202605507,105.93147335916574,29.936858666889336,3105.072852584392,2420.9095471837786,684.1633054006132,ambient,0,spring,april,7.03,1.22,2.53,8.38,3,44,234.7925955,2021-04-07,0.2748,0.2322,0.4147669737336245,92.27344128779716,71.94216225207188,20.331279035725274,1766.5249317184046,NA,7923.793147,9759.012148974307,117904.79984066918,NA,NA
13,7,7.52181118,0.44317045,0.019878793,27.220251718096513,9.259417733769718,36.47966945186623,7C,82.31521179236168,61.421630702355074,20.89358109000661,1835.1048502726617,1369.3110903713575,465.7937599013038,ambient,0,spring,april,7.03,1.22,2.53,8.38,3,45,334.7142311,2021-04-07,0.3554,0.3225,0.6963072251603825,52.39019233710201,39.092301120136725,13.297891216965283,2080.3036156307085,NA,12333.44324,3844.7455144635665,47601.61113145368,NA,NA
14,13,8.519086821,0.332113755,0.010970153,45.66255236302215,10.186600079918636,55.84915244294079,13C,168.16272015876245,137.49069912211905,30.672021036643415,5091.009436508387,4162.43532455948,928.574111948907,ambient,0,spring,april,7.03,1.22,2.53,8.38,3,46,360.686466,2021-04-07,0.5179,0.4852,0.537891753324387,103.82972428517562,84.89171302740606,18.93801125776954,1491.3000736888946,NA,19280.98786,2104.709287029729,24204.156800841884,NA,NA
15,7,4.442330531,0.43213332,0.014322191,19.259696724600115,8.801339865040976,28.06103658964109,7C,64.93606322613839,44.568876856337106,20.367186369801285,1959.269820493323,1344.7451388268817,614.5246816664417,ambient,0,spring,april,7.03,1.22,2.53,8.38,3,47,415.3649956,2021-04-07,0.4274,0.3569,0.7327662668121199,38.29466210517562,26.283547151247713,12.011114953927903,1764.1502644045142,NA,14389.5192,4811.393379522709,57159.35334872979,NA,NA
16,7,10.57256535,0.595661117,0.009807548,17.622759682540543,8.974502883629324,26.597262566169867,7C,44.65166821719851,29.585210750864817,15.066457466333704,2711.917654256688,1796.8568374623856,915.060816794302,ambient,0,spring,april,7.03,1.22,2.53,8.38,3,48,715.3933523,2021-04-07,0.6414,0.5846,0.9362670905519171,28.4077725625186,18.822363682730916,9.585408879787682,1308.7444656031607,NA,14148.099,2480.15873015873,30423.280423280423,NA,NA
1,7,2.191080293,0.13755296,0.013676214,NA,7.7416308881715405,NA,7C,NA,NA,56.28109266548346,NA,NA,566.0653517246469,enriched,1,spring,april,45.19,45.31,67.91,76.01,4,49,91.40987153,2021-04-21,0.3598,0.3216,0.23262720175819906,NA,NA,33.27912999709495,2544.88052400175,NA,13922.10162,4467.240238252813,64030.443414956986,NA,NA
2,7,3.348289228,0.136935709,0.010499673,8.41416366530223,7.286501952567962,15.700665617870191,7C,114.65720470231904,61.446088290251815,53.21111641206723,1495.3480568271214,801.3738775771617,693.9741792499597,enriched,1,spring,april,45.19,45.31,67.91,76.01,4,50,94.375505,2021-04-21,0.4535,0.4183,0.2598892631214995,60.412905978843966,32.375957222090264,28.036948756753702,2753.7787810671794,NA,14260.45963,2968.8273132112818,40079.168728352306,NA,NA
3,13,9.07882043,0.249483748,0.011526869,30.4450239962922,12.820772762694816,43.265796758987015,13C,173.42130341487018,122.03209323395366,51.38921018091654,3753.473450508287,2641.222347221279,1112.2511032870086,enriched,1,spring,april,45.19,45.31,67.91,76.01,4,51,227.3361827,2021-04-21,1.1681,1.121,0.3660752009699506,118.18827564486811,83.16603778574799,35.02223785912013,1610.2812874844255,NA,17244.96516,1488.4979702300407,22598.10554803789,NA,NA
4,16,9.403389057,0.319043557,0.012907686,38.7953065457292,12.987874779222995,51.78318132495219,16C,162.30756017101515,121.59877764191675,40.708782529098364,4011.809810445667,3005.5973274938046,1006.2124829518629,enriched,1,spring,april,45.19,45.31,67.91,76.01,4,52,257.1033816,2021-04-21,0.4041,0.3699,0.795832481438753,65.06794147348133,48.74808134947288,16.319860124008446,3095.3792847303143,NA,14115.19645,3574.1158765989467,52483.06997742664,NA,NA
5,7,4.830760768,0.145370116,0.010376843,7.07915879411074,6.151139047668357,13.230297841779098,7C,91.011125297438,48.69748328542808,42.31364201200993,1274.9829444060297,682.2073721372425,592.7755722687871,enriched,1,spring,april,45.19,45.31,67.91,76.01,4,53,94.34326459,2021-04-21,0.6988,0.6687,0.20807942060217527,63.58292330635598,34.02142688413817,29.5614964222178,2205.5567136292507,NA,21481.91058,1608.291636883488,31451.036454610436,NA,NA
6,10,4.614392898,0.287595677,0.012479205,24.2532525420041,10.432330223595374,34.68558276559947,10C,120.60536906331689,84.33107477482737,36.27429428848951,2779.470548452363,1943.493398978869,835.977149473494,enriched,1,spring,april,45.19,45.31,67.91,76.01,4,54,335.5054983,2021-04-21,0.5026,0.4564,0.4241642496768809,81.77394203312089,57.17891727197589,24.595024761144995,1264.2542427057472,NA,16481.08267,3405.22133938706,38214.15058645479,NA,NA
7,16,9.855008475,0.290356723,0.011049785,32.37376651362,13.688728150897935,46.062494664517935,16C,158.64104742812495,111.4965280608295,47.144519367295445,4168.632662492341,2929.8096310127303,1238.8230314796117,enriched,1,spring,april,45.19,45.31,67.91,76.01,4,55,296.8185657,2021-04-21,0.861,0.8055,0.6352531595383275,72.51045346707762,50.96199212475818,21.548461342319442,2140.206957877391,NA,17879.14502,3435.3018158023883,49893.66922951087,NA,NA
8,16,4.218433451,0.215651577,0.009058575,32.9398843128699,13.427617679325984,46.36750199219588,16C,215.011189054258,152.74585408141905,62.26533497283901,5118.630909629372,3636.320758272675,1482.3101513566965,enriched,1,spring,april,45.19,45.31,67.91,76.01,4,56,150.3422833,2021-04-21,0.5736,0.5303,0.31844171622785916,145.60749936110093,103.44085788464962,42.16664147645131,2118.111480270828,NA,12011.06371,5365.987892129884,109658.77820583379,NA,NA
9,13,7.729513035,0.267737175,0.013364443,37.1830322266328,15.236848017355747,52.419880243988544,13C,195.78857603165696,138.8788547075422,56.90972132411478,3922.3393181435654,2782.2358347918275,1140.103483351738,enriched,1,spring,april,45.19,45.31,67.91,76.01,4,57,231.1225334,2021-04-21,0.8164,0.7652,0.4847514299265068,108.13764954120079,76.70535852214013,31.432291019060646,2097.3784892170397,NA,16018.89566,1373.8150844896277,21156.752301140266,NA,NA
10,13,6.28154391,0.416214563,0.01272603,32.8072404806286,14.877076516890382,47.684316997518984,13C,114.56667122317629,78.82290385074441,35.743767372431854,3746.990773832765,2577.963471768383,1169.0273020643815,enriched,1,spring,april,45.19,45.31,67.91,76.01,4,58,370.5438467,2021-04-21,0.4172,0.3754,0.6293589056519655,75.76649280607516,52.128030899384704,23.63846190669046,1698.473503896848,NA,13955.10794,4008.3652840711047,57685.60474032764,NA,NA
11,10,6.413072241,0.21964746,0.011202224,23.6981059953239,8.252272375186516,31.950378370510418,10C,145.46208897890472,107.89155492771872,37.57053405118601,2852.145999804183,2115.482246679222,736.6637531249612,enriched,1,spring,april,45.19,45.31,67.91,76.01,4,59,191.7545283,2021-04-21,0.753,0.72,0.28105097470517953,113.68179172488598,84.31960081327966,29.362190911606305,1465.6810308306003,NA,19149.28045,1579.5519816197586,20390.580126364155,NA,NA
12,10,3.297965803,0.282800453,0.013676774,26.0122327006708,10.752714094076085,36.764946794746884,10C,130.00313968643778,91.9808735266446,38.02226615979318,2688.130022090508,1901.9275086852208,786.2025134052872,enriched,1,spring,april,45.19,45.31,67.91,76.01,4,60,454.6443658,2021-04-21,0.5176,0.3531,1.0481363496783225,35.07649248690803,24.81760384386446,10.25888864304357,2305.39830364774,NA,15046.66354,6631.299734748011,79575.59681697613,NA,NA
13,16,6.343526809,0.340267885,0.008815914,36.2449344581484,14.093162466333093,50.33809692448149,16C,147.93666738335148,106.51882253933074,41.41784484402074,5709.912429327406,4111.30762597598,1598.604803351427,enriched,1,spring,april,45.19,45.31,67.91,76.01,4,61,227.6543942,2021-04-21,0.651,0.6029,0.46869990708586823,107.39941733177962,77.3307907899972,30.06862654178242,2058.8221401696455,NA,22804.94991,2326.122354035822,39544.08001860897,NA,NA
14,10,5.75923196,0.29381664,0.014676324,30.9689354146676,8.988995463548354,39.957930878215954,10C,135.99614670638107,105.40225160381522,30.593895102565853,2722.611662035804,2110.1288997617935,612.4827622740105,enriched,1,spring,april,45.19,45.31,67.91,76.01,4,62,219.0136684,2021-04-21,0.7342,0.6821,0.40868426193952545,97.77213022244707,75.77716662661747,21.99496359582961,1866.0217187591998,NA,18164.60571,2396.548969483943,41699.952069020605,NA,NA
15,7,3.845243584,0.420846663,0.009975758,21.913367517111,9.345440300917156,31.258807818028153,7C,74.27600255922226,52.0697190774945,22.206283481727777,3133.4769566411046,2196.6618994878386,936.8150571532666,enriched,1,spring,april,45.19,45.31,67.91,76.01,4,63,414.6367294,2021-04-21,0.2809,0.2312,0.6803439164286222,45.9455976061596,32.209250333481926,13.73634727267768,1640.8192236445473,NA,12173.0349,6215.813028344107,94480.35803083042,NA,NA
16,13,4.509857081,0.269557078,0.014190019,27.124540045134,12.345748484392187,39.47028852952619,13C,146.42645936949273,100.62633207922666,45.8001272902661,2781.552902045176,1911.5224613253863,870.0304407197896,enriched,1,spring,april,45.19,45.31,67.91,76.01,4,64,386.5372787,2021-04-21,0.3727,0.3346,0.4610291247279309,85.61343831112396,58.83476463909113,26.778673672032838,1192.7158132805753,NA,12035.90405,5875.23760152065,70330.05011232072,NA,NA
1,23.5,0.698179263,0.075710679,0.017300132,63.2315839917135,31.4543026694195,94.685886661133,23.5C,1250.6278891136744,835.17391241087,415.4539767028044,5473.130879066876,3654.97696732681,1818.1539117400664,ambient,0,summer,june,11.01,0,3.17,8.01,5,65,58.67983245,2021-06-13,0.1397,0.1067,0.16492423535433065,574.1174816284919,383.3977696235118,190.71971200498012,2810.5778164049725,NA,12254.49516,8059.210526315789,83388.15789473684,NA,NA
2,17.5,0.841224136,0.098559263,0.009576474,19.320071433953,9.21191952127111,28.53199095522411,17.5C,289.4907093128741,196.02491786036387,93.46579145251026,2979.383743455484,2017.4514580160717,961.9322854394122,ambient,0,summer,june,11.01,0,3.17,8.01,5,66,142.6383335,2021-06-13,0.2215,0.1642,0.21761689838735887,131.11110013357998,88.7801984915859,42.33090164199409,1525.6550819654583,NA,13893.75651,10612.855007473841,104185.35127055306,NA,NA
3,14.5,5.630193498,0.502974865,0.020239765,16.5631550336148,5.81036737204181,22.37352240565661,14.5C,44.4823866211617,32.93038317852086,11.552003442640835,1105.424020765884,818.3472008501483,287.0768199157357,ambient,0,summer,june,11.01,0,3.17,8.01,5,67,601.1788253,2021-06-13,0.3668,0.2996,1.031485831694657,21.6905765626451,16.057569115033534,5.633007447611564,1715.7720603015673,NA,12844.63415,5114.667546609471,65665.73172743773,NA,NA
4,17.5,1.54933872,0.277973897,0.019229121,37.6132774147286,16.8271716307189,54.4404490454475,17.5C,195.84734262097817,135.3122642833208,60.53507833765737,2831.146002224829,1956.058075391413,875.087926833416,ambient,0,summer,june,11.01,0,3.17,8.01,5,68,251.0010707,2021-06-13,0.1833,0.1053,0.6592930723404254,82.57397404797425,57.05092165037495,25.523052397599294,2626.6544222371936,NA,7316.937207,15012.510425354461,178315.26271893244,NA,NA
5,20.5,10.76510688,0.371055303,0.013142378,41.5312706126894,18.0565607735669,59.5878313862563,20.5C,160.5901624487935,111.92744121134255,48.66272123745096,4534.022030583529,3160.1031877708433,1373.918842812686,ambient,0,summer,june,11.01,0,3.17,8.01,5,69,392.6543447,2021-06-13,0.5449,0.5009,0.869269045182603,68.5493538697665,47.7772340368627,20.772119832903805,2213.827649982458,NA,21345.64375,2910.737386804657,32826.649417852524,NA,NA
6,14.5,0.79426534,0.112473052,0.019754571,27.706438535172,8.99104334053184,36.69748187570384,14.5C,326.2779948009577,246.3384610135057,79.93953378745195,1857.6704032552184,1402.5330408426487,455.13736241256976,ambient,0,summer,june,11.01,0,3.17,8.01,5,70,114.5465172,2021-06-13,0.1923,0.1321,0.2486467679043162,147.58881518952904,111.42891085491183,36.1599043346172,2170.7056135995394,NA,11497.94167,13068.731848983542,137463.69796708616,NA,NA
7,20.5,1.013265147,0.119288319,0.016570855,37.5451047367473,14.1051244955833,51.6502292323306,20.5C,432.9864790225655,314.74250833182833,118.24397069073711,3116.9320612805195,2265.73129369289,851.2007675876291,ambient,0,summer,june,11.01,0,3.17,8.01,5,71,120.0338459,2021-06-13,0.2485,0.1938,0.22304065811227364,231.57315652436355,168.33300732930917,63.24014919505438,1858.148061823233,NA,15261.50834,7293.483431108292,80069.76375455843,NA,NA
8,23.5,1.109736755,0.223857945,0.015438185,26.8967618515143,14.0014608067751,40.8982226582894,23.5C,182.69721299500625,120.15102636412703,62.54618663087924,2649.1600313307167,1742.223056111473,906.9369752192435,ambient,0,summer,june,11.01,0,3.17,8.01,5,72,240.4538605,2021-06-13,0.1244,0.0663,0.5182934522950161,78.90939481714666,51.89485171463151,27.014543102515166,2155.4798547100727,NA,5314.19903,17292.490118577076,200098.814229249,NA,NA
9,17.5,0.85265097,0.110032387,0.016898529,NA,NA,NA,17.5C,NA,NA,NA,NA,NA,NA,ambient,0,summer,june,11.01,0,3.17,8.01,5,73,121.2957474,2021-06-13,0.1796,0.129,0.2402234915478842,NA,NA,NA,1980.4774420960796,NA,10537.01138,12577.589023195034,131166.28552760536,NA,NA
10,23.5,3.006942798,0.147318746,0.018959487,23.1860138123816,12.6204254230469,35.8064392354285,23.5C,243.0541951221096,157.38671718249353,85.66747793961605,1888.5763752694627,1222.92411247106,665.6522627984027,ambient,0,summer,june,11.01,0,3.17,8.01,5,74,117.7979394,2021-06-13,0.4825,0.4473,0.21936660412352338,163.22648280257926,105.6952762022325,57.53120660034674,1862.2278559443407,NA,21178.8701,2840.0597907324363,35575.48579970104,NA,NA
11,20.5,0.844291933,0.120613133,0.014294454,28.6724493834574,11.227813050871,39.9002624343284,20.5C,330.8119227309052,237.72244920839097,93.08947352251433,2791.310702341509,2005.84432140307,785.4663809384394,ambient,0,summer,june,11.01,0,3.17,8.01,5,75,118.2852544,2021-06-13,0.2028,0.1356,0.27976537424852077,142.62044594154906,102.48748423737075,40.13296170417832,2365.175403034182,NA,10176.52971,14080,148960,NA,NA
12,14.5,1.14107428,0.123448485,0.015978039,26.7032219987276,7.4621499392961,34.165371938023696,14.5C,276.7581306325768,216.31064973156697,60.44748090100984,2138.270656244092,1671.2452634974543,467.025392746638,ambient,0,summer,june,11.01,0,3.17,8.01,5,76,128.7761141,2021-06-13,0.2637,0.1999,0.2760733373682215,123.75469599389295,96.72510302257598,27.029592971316976,2143.8241035432943,NA,15145.79976,17730.49645390071,268685.21549372614,NA,NA
13,17.5,0.929871213,0.191106826,0.016964465,27.6164340102351,10.9959810120491,38.61241502228419,17.5C,202.04623681146896,144.5078367333415,57.5384000781275,2276.07619941355,1627.898905755949,648.1772936576012,ambient,0,summer,june,11.01,0,3.17,8.01,5,77,175.7360649,2021-06-13,0.1671,0.096,0.3956543581346499,97.59127942966708,69.79939293588325,27.791886493783863,2251.4124141779957,NA,7635.096102,16547.968160871387,211772.0988688731,NA,NA
14,20.5,1.332304326,0.225131336,0.017919787,29.6447952073686,14.5228205854157,44.1676157927843,20.5C,196.18599781588955,131.67778299582693,64.50821482006263,2464.739999018085,1654.3051101761755,810.4348888419098,ambient,0,summer,june,11.01,0,3.17,8.01,5,78,224.9372578,2021-06-13,0.1649,0.0987,0.5348608027968467,82.57777642673929,55.425252799144495,27.152523627594796,2377.8221892987203,NA,8187.182618,22696.568495001353,315590.38097811403,NA,NA
15,23.5,0.888320829,0.154117327,0.012737094,24.9287061468386,13.0465953006989,37.975301447537504,23.5C,246.40513942690885,161.75148266644024,84.6536567604686,2981.47296765946,1957.1737593236417,1024.2992083358183,ambient,0,summer,june,11.01,0,3.17,8.01,5,79,187.3120999,2021-06-13,0.17,0.1117,0.3046417901805883,124.65558787921435,81.82956820225202,42.82601967696232,1626.386070858353,NA,7734.117184,24436.60059733913,324192.2345913658,NA,NA
16,14.5,1.091914793,0.110335198,0.013343903,19.2713750658455,7.43268028068245,26.70405534652795,14.5C,242.0266227874803,174.66207896636485,67.36454382111546,2001.217735660095,1444.2082699376265,557.0094657224689,ambient,0,summer,june,11.01,0,3.17,8.01,5,80,94.29774024,2021-06-13,0.26251,0.2064,0.2333904957343721,114.41792118613324,82.57137894671925,31.846542239413985,2475.0380564832512,NA,12570.32623,16266.666666666668,231466.6666666667,NA,NA
1,23.5,0.698179263,0.075710679,0.017300132,19.647267652784368,13.290235699249951,32.93750335203432,23.5C,435.0443528849387,259.50457600286967,175.53977688206908,1903.887401092334,1135.671545904064,768.2158551882699,enriched,1,summer,june,374.8,395.58,315.47,328.53,5,65,58.67983245,2021-06-13,0.1397,0.1067,0.16492423535433065,199.71293655701908,119.12905104924873,80.58388550777035,2810.5778164049725,NA,12254.49516,8059.210526315789,83388.15789473684,NA,NA
2,23.5,0.841224136,0.098559263,0.009576474,17.59698227769956,14.445060414891572,32.04204269259113,23.5C,325.1043252280725,178.54214552821443,146.56217969985806,3345.9123569479884,1837.5220647703488,1508.3902921776398,enriched,1,summer,june,374.8,395.58,315.47,328.53,5,66,142.6383335,2021-06-13,0.2215,0.1642,0.21761689838735887,147.24060001790937,80.86220513251166,66.3783948853977,1525.6550819654583,NA,13893.75651,10612.855007473841,104185.35127055306,NA,NA
3,20.5,5.630193498,0.502974865,0.020239765,46.09624087938078,25.298494221582335,71.39473510096312,20.5C,141.94493615692528,91.64720563000851,50.297730526916766,3527.4488167705067,2277.5087002927544,1249.9401164777526,enriched,1,summer,june,374.8,395.58,315.47,328.53,5,67,601.1788253,2021-06-13,0.3668,0.2996,1.031485831694657,69.21542972981676,44.689165340883044,24.52626438893371,1715.7720603015673,NA,12844.63415,5114.667546609471,65665.73172743773,NA,NA
4,20.5,1.54933872,0.277973897,0.019229121,44.84386135415919,22.688978461852923,67.53283981601211,20.5C,242.9466958763114,161.32400141931018,81.62269445700119,3512.008677672376,2332.080668386204,1179.928009286172,enriched,1,summer,june,374.8,395.58,315.47,328.53,5,68,251.0010707,2021-06-13,0.1833,0.1053,0.6592930723404254,102.43219995665537,68.01809883269044,34.414101123964926,2626.6544222371936,NA,7316.937207,15012.510425354461,178315.26271893244,NA,NA
5,14.5,10.76510688,0.371055303,0.013142378,27.918218227498315,16.599381415114358,44.51759964261267,14.5C,119.97564590152932,75.24004643452923,44.73559946700009,3387.3321588081453,2124.2897006537414,1263.042458154404,enriched,1,summer,june,374.8,395.58,315.47,328.53,5,69,392.6543447,2021-06-13,0.5449,0.5009,0.869269045182603,51.212682528297194,32.11688991137799,19.09579261691921,2213.827649982458,NA,21345.64375,2910.737386804657,32826.649417852524,NA,NA
6,17.5,0.79426534,0.112473052,0.019754571,20.713817496581456,12.743524401140917,33.45734189772237,17.5C,297.4698499132252,184.16693713069557,113.3029127825296,1693.6506440824442,1048.5582044065377,645.0924396759067,enriched,1,summer,june,374.8,395.58,315.47,328.53,5,70,114.5465172,2021-06-13,0.1923,0.1321,0.2486467679043162,134.5577188865667,83.30620048338014,51.25151840318655,2170.7056135995394,NA,11497.94167,13068.731848983542,137463.69796708616,NA,NA
7,17.5,1.013265147,0.119288319,0.016570855,28.421507519599913,14.835561576988647,43.257069096588566,17.5C,362.6261939074568,238.25893228992447,124.3672616175323,2610.430728926695,1715.1503359120525,895.2803930146423,enriched,1,summer,june,374.8,395.58,315.47,328.53,5,71,120.0338459,2021-06-13,0.2485,0.1938,0.22304065811227364,193.94252806954117,127.42747335910911,66.51505471043204,1858.148061823233,NA,15261.50834,7293.483431108292,80069.76375455843,NA,NA
8,23.5,1.109736755,0.223857945,0.015438185,27.924127255012685,16.700306647089086,44.62443390210177,23.5C,199.34264071843316,124.74038951359393,74.60225120483923,2890.523329141461,1808.770088906998,1081.7532402344632,enriched,1,summer,june,374.8,395.58,315.47,328.53,5,72,240.4538605,2021-06-13,0.1244,0.0663,0.5182934522950161,86.09877995661277,53.877059668348046,32.22172028826473,2155.4798547100727,NA,5314.19903,17292.490118577076,200098.814229249,NA,NA
9,14.5,0.85265097,0.110032387,0.016898529,23.927719747873617,10.653182012135527,34.58090176000914,14.5C,314.27930178420235,217.46069862024913,96.81860316395324,2046.3853250190675,1415.964652773837,630.4206722452308,enriched,1,summer,june,374.8,395.58,315.47,328.53,5,73,121.2957474,2021-06-13,0.1796,0.129,0.2402234915478842,143.95303946831555,99.6060776308551,44.34696183746047,1980.4774420960796,NA,10537.01138,12577.589023195034,131166.28552760536,NA,NA
10,14.5,3.006942798,0.147318746,0.018959487,25.409904307800815,12.940196749147493,38.350101056948304,14.5C,260.32057764697714,172.48249118140615,87.83808646557101,2022.7393840850389,1340.2210886719042,682.518295413135,enriched,1,summer,june,374.8,395.58,315.47,328.53,5,74,117.7979394,2021-06-13,0.4825,0.4473,0.21936660412352338,174.8219662248758,115.83305676507042,58.98890945980539,1862.2278559443407,NA,21178.8701,2840.0597907324363,35575.48579970104,NA,NA
11,20.5,0.844291933,0.120613133,0.014294454,23.73813364023356,11.713209629082742,35.451343269316304,20.5C,293.92606250694365,196.81217998237025,97.11388252457336,2480.0767674873277,1660.6534002791263,819.4233672082013,enriched,1,summer,june,374.8,395.58,315.47,328.53,5,75,118.2852544,2021-06-13,0.2028,0.1356,0.27976537424852077,126.718123586746,84.85014882201446,41.86797476473154,2365.175403034182,NA,10176.52971,14080,148960,NA,NA
12,23.5,1.14107428,0.123448485,0.015978039,23.09789119535693,15.871228169399338,38.96911936475627,23.5C,315.67110252309914,187.10550555040777,128.5655969726914,2438.9175270354685,1445.602379325581,993.3151477098872,enriched,1,summer,june,374.8,395.58,315.47,328.53,5,76,128.7761141,2021-06-13,0.2637,0.1999,0.2760733373682215,141.15495446334964,83.66578031600854,57.4891741473411,2143.8241035432943,NA,15145.79976,17730.49645390071,268685.21549372614,NA,NA
13,17.5,0.929871213,0.191106826,0.016964465,29.524250130754055,15.02553287656547,44.549783007319526,17.5C,233.1145566057359,154.49081934286352,78.62373726287238,2626.064718652756,1740.3584569719146,885.706261680841,enriched,1,summer,june,374.8,395.58,315.47,328.53,5,77,175.7360649,2021-06-13,0.1671,0.096,0.3956543581346499,112.59773105332067,74.62131914823064,37.976411905090025,2251.4124141779957,NA,7635.096102,16547.968160871387,211772.0988688731,NA,NA
14,17.5,1.332304326,0.225131336,0.017919787,27.338815224182085,14.764086162684483,42.10290138686657,17.5C,187.01484269105288,121.43496196452227,65.5798807265306,2349.520191666707,1525.6216619194238,823.8985297472835,enriched,1,summer,june,374.8,395.58,315.47,328.53,5,78,224.9372578,2021-06-13,0.1649,0.0987,0.5348608027968467,78.71749278822791,51.11388810177223,27.60360468645568,2377.8221892987203,NA,8187.182618,22696.568495001353,315590.38097811403,NA,NA
15,20.5,0.888320829,0.154117327,0.012737094,24.784663966414104,14.926950533012056,39.71161449942616,20.5C,257.6713162136932,160.81685589066896,96.85446032302428,3117.792370805002,1945.8648861674496,1171.9274846375522,enriched,1,summer,june,374.8,395.58,315.47,328.53,5,79,187.3120999,2021-06-13,0.17,0.1117,0.3046417901805883,130.35511141096418,81.35674344521817,48.99836796574601,1626.386070858353,NA,7734.117184,24436.60059733913,324192.2345913658,NA,NA
16,14.5,1.091914793,0.110335198,0.013343903,19.734554822131912,9.736183183180504,29.470738005312416,14.5C,267.1018726527542,178.8600118534424,88.2418607993118,2208.5545739737777,1478.9192354090037,729.635338564774,enriched,1,summer,june,374.8,395.58,315.47,328.53,5,80,94.29774024,2021-06-13,0.26251,0.2064,0.2333904957343721,126.27222849234548,84.55594886174084,41.71627963060463,2475.0380564832512,NA,12570.32623,16266.666666666668,231466.6666666667,NA,NA
1,22.5,0.418593019,0.121824026,0.01442242,33.59179439836494,11.417466091801185,45.00926049016613,22.5C,369.4612792567381,275.74030756761346,93.72097168912464,3120.784201969304,2329.137162720607,791.6470392486964,ambient,0,summer,august,7.5,4.57,5.43,10.12,6,81,221.7408573,2021-08-08,0.1259,0.0411,0.2819435108117554,159.63928504890245,119.14370471464086,40.49558033426157,1271.500048501686,NA,7680.491551,24054.43899351163,307010.6029435037,NA,NA
2,28.5,0.596756672,0.151677629,0.017632249,21.776189733512368,13.92538724988777,35.70157698340014,28.5C,235.3780001624375,143.5688959346297,91.80910422780784,2024.7886122411348,1235.020542955829,789.7680692853062,ambient,0,summer,august,7.5,4.57,5.43,10.12,6,82,233.2530593,2021-08-08,0.12296,0.05716,0.31934441296031235,111.79646655611626,68.19029502237974,43.606171533736514,1369.0899228446362,NA,9219.352344,19361.24441502565,263114.3471785537,NA,NA
3,19.5,0.523254775,0.140494403,0.012214101,22.760091457214383,7.8931725133330275,30.653263970547417,19.5C,218.18138883829712,161.99998698321374,56.18140185508335,2509.661903937704,1863.4274808448356,646.2344230928685,ambient,0,summer,august,7.5,4.57,5.43,10.12,6,83,269.8142275,2021-08-08,0.1361,0.059,0.29642133102498164,103.4111272105584,76.78290687958695,26.628220330971427,1098.6126779581393,NA,9687.262864,23594.00504525894,274669.8323193352,NA,NA
4,25.5,0.310326239,0.091219817,0.013947496,17.70490074639843,11.825373289524125,29.530274035922552,25.5C,323.72652135360624,194.09050937252408,129.6360119810822,2117.245564072759,1269.3963666595373,847.849197413222,ambient,0,summer,august,7.5,4.57,5.43,10.12,6,84,176.6014928,2021-08-08,0.1103,0.0431,0.1890654874052584,156.19071699016624,93.64427632658467,62.546440663581585,1070.576949309108,NA,8854.4754,22324.865280985374,278829.86913010007,NA,NA
5,19.5,0.701275622,0.174121818,0.015133933,30.86347043199557,9.087511324634644,39.95098175663021,19.5C,229.4427097965989,177.25217199372204,52.190537802876854,2639.8281105532983,2039.355561571177,600.4725489821215,ambient,0,summer,august,7.5,4.57,5.43,10.12,6,85,298.6541364,2021-08-08,0.1054,0.0504,0.3659407894686907,109.17334964116745,84.3400662626493,24.833283378518143,1225.2995852653144,NA,8215.559646,18465.502433438305,227598.05324935584,NA,NA
6,28.5,0.320882555,0.084756081,0.018134842,26.13119450581457,11.898581632350394,38.02977613816496,28.5C,448.69672700139313,308.31055657014826,140.38617043124486,2097.0558297759067,1440.9386365657094,656.1171932101969,ambient,0,summer,august,7.5,4.57,5.43,10.12,6,86,191.4024507,2021-08-08,0.11,0.0482,0.18027765362727274,210.9511377199983,144.9497149538083,66.00142276619,941.8774575140419,NA,11291.89666,22273.55221910576,252103.6132651378,NA,NA
7,19.5,0.634542338,0.167882103,0.015140667,24.1135580142844,8.16643974559199,32.279997759876395,19.5C,192.27777817315285,143.6338810592836,48.64389711386919,2132.006321774093,1592.635120651184,539.3712011229089,ambient,0,summer,august,7.5,4.57,5.43,10.12,6,87,309.6345066,2021-08-08,0.1084,0.0443,0.37522291389114387,86.02885528798267,64.26462010067966,21.764235187302983,1211.825251685769,NA,6242.984525,20647.716023193323,264460.47235185973,NA,NA
8,22.5,0.604483064,0.056631177,0.018153828,19.19334759305783,8.007553297518783,27.200900890576612,22.5C,480.3167147766788,338.9183945983999,141.39832017827888,1498.356208430344,1057.261729760678,441.0944786696658,ambient,0,summer,august,7.5,4.57,5.43,10.12,6,88,79.05531928,2021-08-08,0.1032,0.0839,0.11304770479844958,240.61435779764426,169.7809577582955,70.83340003934873,1429.9822684676606,NA,14247.99267,7846.320346320346,96590.90909090909,NA,NA
9,25.5,0.546069351,0.117417306,0.017459983,26.06868082833404,16.82302709213187,42.89170792046591,25.5C,365.2928974581133,222.01736453001263,143.27553292810066,2456.5721467464155,1493.0530475507362,963.5190991956792,ambient,0,summer,august,7.5,4.57,5.43,10.12,6,89,249.5660146,2021-08-08,0.1534,0.0828,0.2513200533285528,170.66568048349578,103.72702250804569,66.93865797545008,1007.0283557293013,NA,10499.29166,17173.051519154556,216644.6499339498,NA,NA
10,28.5,0.554017707,0.135273375,0.015179904,25.591264402497178,12.6441702634058,38.23543466590298,28.5C,282.6530695039063,189.1818282976763,93.47124120622998,2518.819266966575,1685.864706555271,832.9545604113043,ambient,0,summer,august,7.5,4.57,5.43,10.12,6,90,204.6181486,2021-08-08,0.1264,0.0576,0.30155394178481015,126.79467706374041,84.86463234746633,41.930044716274075,1473.7399582981573,NA,9322.880575,19810.508182601206,250645.99483204135,NA,NA
11,22.5,0.639396263,0.127043896,0.015672737,22.464365800477943,8.775149918039842,31.239515718517787,22.5C,245.89544796798256,176.82365314487794,69.07179482310463,1993.2393249831084,1433.340315764754,559.8990092183543,ambient,0,summer,august,7.5,4.57,5.43,10.12,6,91,189.8435927,2021-08-08,0.1574,0.0938,0.25835833752731896,120.91545416146867,86.95041938835261,33.96503477311605,1360.9010125276616,NA,8830.483208,14259.429622815087,187212.51149954,NA,NA
12,22.5,0.516248426,0.144340874,0.014408422,31.58685139698547,10.894919935950986,42.481771332936454,22.5C,294.3156027511407,218.83511247815687,75.48049027298383,2948.398605547259,2192.249185718288,756.1494198289712,ambient,0,summer,august,7.5,4.57,5.43,10.12,6,92,229.4827438,2021-08-08,0.1246,0.0493,0.311986408329053,136.16545528525333,101.24431883478309,34.92113645047024,1359.5201240968124,NA,7492.079574,19800.483675937125,279322.85368802905,NA,NA
13,25.5,0.693273206,0.132079504,0.015154173,22.02678012666047,14.656733577724507,36.68351370438498,25.5C,277.73812433748225,166.769100879274,110.96902345820824,2420.687272369464,1453.5125161010417,967.1747562684224,ambient,0,summer,august,7.5,4.57,5.43,10.12,6,93,194.3917307,2021-08-08,0.1507,0.082,0.3160442551572661,116.07081320345777,69.69523972425878,46.37557347919899,1625.8112113061507,NA,11146.74219,17215.04928502013,207968.90184645285,NA,NA
14,19.5,0.922988896,0.28936731,0.016884766,35.01133817658581,10.163149537257867,45.174487713843675,19.5C,156.11468936779235,120.9927209005945,35.12196846719787,2675.458322244068,2073.5459512193306,601.9123710247374,ambient,0,summer,august,7.5,4.57,5.43,10.12,6,94,482.4528515,2021-08-08,0.1371,0.0464,0.6106133688344274,73.98214650962399,57.33798171405482,16.644164795569168,1265.6436104294169,NA,6934.701659,22698.00386349002,293786.2202189311,NA,NA
15,25.5,0.400011937,0.116050607,0.018141657,22.102488745616352,11.780491935130248,33.8829806807466,25.5C,291.96728527879736,190.4556065408288,101.51167873796858,1867.6894112123607,1218.3280030934525,649.3614081189082,ambient,0,summer,august,7.5,4.57,5.43,10.12,6,95,227.29637,2021-08-08,0.0674,0.0231,0.26291585770178044,128.8738571226818,84.06677687234335,44.80708025033848,1156.709443717823,NA,7181.615065,22596.153846153848,282051.28205128206,NA,NA
16,28.5,0.580586305,0.144943385,0.015044336,28.82381912073424,15.410866553138485,44.234685673872725,28.5C,305.1859570816062,198.86260501460097,106.32335206700522,2940.2883366785163,1915.9249780604637,1024.3633586180529,ambient,0,summer,august,7.5,4.57,5.43,10.12,6,96,247.3645005,2021-08-08,0.1375,0.0652,0.3052828352836364,144.89738878628583,94.41676959647667,50.480619189809154,1234.1416600464725,NA,7820.630289,18101.612412534225,238667.47794341345,NA,NA
1,28.5,0.418593019,0.121824026,0.01442242,30.634937509859014,13.06043647549312,43.695373985352134,28.5C,358.67616118147447,251.4687661845867,107.20739499688771,3029.6839216547664,2124.1190805606143,905.564841094152,enriched,1,summer,august,387.33,416.04,320.3,323.82,6,81,221.7408573,2021-08-08,0.1259,0.0411,0.2819435108117554,154.97917955106308,108.65629580073214,46.32288375033094,1271.500048501686,NA,7680.491551,24054.43899351163,307010.6029435037,NA,NA
2,28.5,0.596756672,0.151677629,0.017632249,30.21068812638064,13.871554112604418,44.08224223898506,28.5C,290.6311400673665,199.1769539486976,91.45418611866894,2500.0918623021407,1713.37689970126,786.7149626008809,enriched,1,summer,august,387.33,416.04,320.3,323.82,6,82,233.2530593,2021-08-08,0.12296,0.05716,0.31934441296031235,138.0398104677771,94.60221284702789,43.437597620749216,1369.0899228446362,NA,9219.352344,19361.24441502565,263114.3471785537,NA,NA
3,25.5,0.523254775,0.140494403,0.012214101,28.58700285735742,12.194980269512175,40.78198312686959,25.5C,290.2747885755249,203.4743181716457,86.80047040387919,3338.9263054947387,2340.4917690919224,998.4345364028164,enriched,1,summer,august,387.33,416.04,320.3,323.82,6,83,269.8142275,2021-08-08,0.1361,0.059,0.29642133102498164,137.58113488611448,96.44043753028078,41.14069735583372,1098.6126779581393,NA,9687.262864,23594.00504525894,274669.8323193352,NA,NA
4,25.5,0.310326239,0.091219817,0.013947496,24.187095842183496,10.902829716286206,35.0899255584697,25.5C,384.6743691501782,265.1517689646702,119.522600185508,2515.858442151172,1734.1532732601963,781.7051688909755,enriched,1,summer,august,387.33,416.04,320.3,323.82,6,84,176.6014928,2021-08-08,0.1103,0.0431,0.1890654874052584,185.59667361846476,127.9297251662801,57.66694845218468,1070.576949309108,NA,8854.4754,22324.865280985374,278829.86913010007,NA,NA
5,22.5,0.701275622,0.174121818,0.015133933,37.7586294821184,11.809847145546492,49.56847662766489,22.5C,284.6769991091231,216.85179902106464,67.82520008805841,3275.320211055837,2494.9647578140066,780.3554532418302,enriched,1,summer,august,387.33,416.04,320.3,323.82,6,85,298.6541364,2021-08-08,0.1054,0.0504,0.3659407894686907,135.45490979465106,103.1823468953547,32.272562899296375,1225.2995852653144,NA,8215.559646,18465.502433438305,227598.05324935584,NA,NA
6,22.5,0.320882555,0.084756081,0.018134842,28.776113225140303,10.217250383704489,38.99336360884479,22.5C,460.0656749200661,339.51679791731175,120.5488770027544,2150.1904239830037,1586.785990478456,563.4044335045481,enriched,1,summer,august,387.33,416.04,320.3,323.82,6,86,191.4024507,2021-08-08,0.11,0.0482,0.18027765362727274,216.29615664659283,159.62107696739514,56.67507967919771,941.8774575140419,NA,11291.89666,22273.55221910576,252103.6132651378,NA,NA
7,19.5,0.634542338,0.167882103,0.015140667,28.57394147548092,8.906718579661499,37.48066005514242,19.5C,223.2558407678657,170.2024275659742,53.05341320189144,2475.4959642889194,1887.2313535117655,588.264610777154,enriched,1,summer,august,387.33,416.04,320.3,323.82,6,87,309.6345066,2021-08-08,0.1084,0.0443,0.37522291389114387,99.88904906275515,76.15190975189357,23.737139310861576,1211.825251685769,NA,6242.984525,20647.716023193323,264460.47235185973,NA,NA
8,28.5,0.604483064,0.056631177,0.018153828,19.895032282459788,9.19843902938219,29.093471311841977,28.5C,513.7359464000189,351.30882556899337,162.42712083102546,1602.6080731756397,1095.9138911341336,506.69418204150605,enriched,1,summer,august,387.33,416.04,320.3,323.82,6,88,79.05531928,2021-08-08,0.1032,0.0839,0.11304770479844958,257.35570097342645,175.98793640198383,81.36776457144262,1429.9822684676606,NA,14247.99267,7846.320346320346,96590.90909090909,NA,NA
9,19.5,0.546069351,0.117417306,0.017459983,33.441788205970575,9.692609610304244,43.13439781627482,19.5C,367.3597980205305,284.81140766396544,82.54839035656504,2470.4719252175,1915.339104624018,555.132820593482,enriched,1,summer,august,387.33,416.04,320.3,323.82,6,89,249.5660146,2021-08-08,0.1534,0.0828,0.2513200533285528,171.63134117230535,133.06454364885818,38.566797523447185,1007.0283557293013,NA,10499.29166,17173.051519154556,216644.6499339498,NA,NA
10,25.5,0.554017707,0.135273375,0.015179904,33.7111635860668,12.831260651950686,46.54242423801749,25.5C,344.06197256494477,249.2076773131949,94.85429525174992,3066.0552423794966,2220.7758089950244,845.2794333844724,enriched,1,summer,august,387.33,416.04,320.3,323.82,6,90,204.6181486,2021-08-08,0.1264,0.0576,0.30155394178481015,154.34195276157362,111.7914870770391,42.55046568453452,1473.7399582981573,NA,9322.880575,19810.508182601206,250645.99483204135,NA,NA
11,19.5,0.639396263,0.127043896,0.015672737,27.117858203665143,8.541892498816916,35.65975070248206,19.5C,280.6884220748556,213.4526652399352,67.2357568349204,2275.272704600483,1730.2567001325388,545.0160044679443,enriched,1,summer,august,387.33,416.04,320.3,323.82,6,91,189.8435927,2021-08-08,0.1574,0.0938,0.25835833752731896,138.02438521540407,104.96219500095555,33.06219021444853,1360.9010125276616,NA,8830.483208,14259.429622815087,187212.51149954,NA,NA
12,22.5,0.516248426,0.144340874,0.014408422,30.02906747619687,10.424983592159744,40.45405106835661,22.5C,280.2674664998676,208.042716134564,72.2247503653036,2807.6670067240266,2084.1329797389935,723.5340269850329,enriched,1,summer,august,387.33,416.04,320.3,323.82,6,92,229.4827438,2021-08-08,0.1246,0.0493,0.311986408329053,129.66606874005103,96.2512041374736,33.41486460257744,1359.5201240968124,NA,7492.079574,19800.483675937125,279322.85368802905,NA,NA
13,19.5,0.693273206,0.132079504,0.015154173,31.553089450038097,9.61185917654032,41.16494862657842,19.5C,311.6679528610164,238.89466945634575,72.77328340467058,2716.410102126881,2082.138659103212,634.2714430236689,enriched,1,summer,august,387.33,416.04,320.3,323.82,6,93,194.3917307,2021-08-08,0.1507,0.082,0.3160442551572661,130.2505834383682,99.837566844355493,30.413016594012706,1625.8112113061507,NA,11146.74219,17215.04928502013,207968.90184645285,NA,NA
14,22.5,0.922988896,0.28936731,0.016884766,37.54685125801575,12.270976809686465,49.817828067702216,22.5C,172.1612163713386,129.75498600037355,42.40623037096507,2950.460081454621,2223.711673470378,726.7484079842425,enriched,1,summer,august,387.33,416.04,320.3,323.82,6,94,482.4528515,2021-08-08,0.1371,0.0464,0.6106133688344274,81.58653349303053,61.49038520019183,20.0961482928387,1265.6436104294169,NA,6934.701659,22698.00386349002,293786.2202189311,NA,NA
15,28.5,0.400011937,0.116050607,0.018141657,27.630860568507657,11.37847793901348,39.009338507521136,28.5C,336.14075372756247,238.09320160219113,98.04755212537133,2150.263259167624,1523.061568659779,627.2016905078451,enriched,1,summer,august,387.33,416.04,320.3,323.82,6,95,227.29637,2021-08-08,0.0674,0.0231,0.26291585770178044,148.37195005471506,105.09392932794766,43.278020726767394,1156.709443717823,NA,7181.615065,22596.153846153848,282051.28205128206,NA,NA
16,25.5,0.580586305,0.144943385,0.015044336,41.54433088804469,15.018605645363966,56.56293653340866,25.5C,390.2415866264518,286.62453887112326,103.6170477553285,3759.749618288814,2761.459920068569,998.2896982202448,enriched,1,summer,august,387.33,416.04,320.3,323.82,6,96,247.3645005,2021-08-08,0.1375,0.0652,0.3052828352836364,185.28043504593495,136.08472565922713,49.195709386707804,1234.1416600464725,NA,7820.630289,18101.612412534225,238667.47794341345,NA,NA
1,18,1.095309695,0.575184022,0.018799192,46.68525569384214,11.250209039138417,57.93546473298056,18C,100.7250940864636,81.1657728799743,19.559321206489315,3081.80610810191,2483.3650134453724,598.4410946565372,ambient,0,fall,october,4.53,5.03,3.41,13.3,7,97,537.3286982,2021-10-10,0.1395,0.0506,0.6980145654874552,83.00036646444705,66.88292480148993,16.117441662957113,1299.0457569561008,NA,6452.80236,19447.287615148412,302200.6141248721,NA,NA
2,18,1.449527754,0.51723586,0.020734662,51.68005291849966,12.87908179411838,64.55913471261805,18C,124.81565897735328,99.91583514433756,24.899823833015713,3113.585102695093,2492.447328946074,621.1377737490188,ambient,0,fall,october,4.53,5.03,3.41,13.3,7,98,836.858342,2021-10-10,0.1903,0.0761,0.8698689937299001,74.21707771856053,59.411305944934796,14.805771773625738,1039.4459254011954,NA,4938.202457,17833.37769496939,281607.66569071065,NA,NA
3,21,1.024871851,0.43955999,0.016434201,35.89830388745404,10.748309735366714,46.64661362282075,21C,106.121154527328,81.6687248706463,24.452429656681705,2838.3864614300846,2184.36563404902,654.0208273810644,ambient,0,fall,october,4.53,5.03,3.41,13.3,7,99,616.3438414,2021-10-10,0.1438,0.0545,0.6364468448838665,73.29223798938376,56.40424518720721,16.88799280217655,1032.6165398817052,NA,5931.537955,19494.783086216365,304503.02031850634,NA,NA
4,15,0.817661984,0.352105692,0.00959992,30.13626535420429,7.595870118233041,37.732135472437335,15C,107.1613902578926,85.58869123366597,21.572699024226623,3930.463532241658,3139.22046790018,791.243064341478,ambient,0,fall,october,4.53,5.03,3.41,13.3,7,100,493.5166163,2021-10-10,0.1184,0.0439,0.5144917044594596,73.33866638740045,58.57483238892327,14.763833998477176,1042.5012805378556,NA,7663.428017,20786.516853932582,290730.33707865165,NA,NA
5,18,0.837126522,0.374492431,0.015734565,35.14686153302798,9.17391611772203,44.32077765075001,18C,118.34892772706002,93.85199438924836,24.49693333781165,2816.7780711287546,2233.7358251103847,583.0422460183697,ambient,0,fall,october,4.53,5.03,3.41,13.3,7,101,497.7333089,2021-10-10,0.1366,0.0591,0.4749436709736457,93.31796665463796,74.00216842762866,19.315798227009292,954.2131548786241,NA,7653.953586,18604.6511627907,270588.23529411765,NA,NA
6,15,0.875692243,0.424079624,0.012835685,30.112731458523974,7.737250261792048,37.84998172031602,15C,89.25206394805713,71.00725843532622,18.244805512730903,2948.8088653091772,2346.016707213053,602.7921580961241,ambient,0,fall,october,4.53,5.03,3.41,13.3,7,102,690.0806024,2021-10-10,0.1142,0.0413,0.559001440584063,67.70998958566032,53.86879044007688,13.841199145583445,810.0523890107,NA,7414.351006,20396.60056657224,283569.40509915014,NA,NA
7,24,0.862656401,0.398331712,0.01286986,48.787310328602,14.00194119835687,62.789251526958864,24C,157.63056175391546,122.47910186121962,35.15145989269584,4878.782793826728,3790.81903988093,1087.963753945798,ambient,0,fall,october,4.53,5.03,3.41,13.3,7,103,536.7073445,2021-10-10,0.1203,0.0446,0.5428353246525353,115.66905961241521,89.8749733352935,25.79408627712171,1011.4177311254127,NA,6268.436578,21556.550951847705,303191.4893617021,NA,NA
8,24,0.977197712,0.411762746,0.016348506,51.76213369914362,14.490948170311176,66.25308186945479,24C,160.9011075262617,125.7086373208314,35.192470205430325,4052.546567218729,3166.169049278486,886.3775179402435,ambient,0,fall,october,4.53,5.03,3.41,13.3,7,104,597.5200148,2021-10-10,0.1289,0.0549,0.5609979106904577,118.0986249804615,92.26796163186508,25.830663348596424,938.8771870315225,NA,8530.052087,22015.24132091448,291278.5774767146,NA,NA
9,15,1.373043275,0.635742227,0.014935898,27.95033065369854,7.912858207208866,35.86318886090741,15C,56.4115255174129,43.96487989415644,12.44664562325646,2401.1404510734747,1871.3525396128537,529.787911460621,ambient,0,fall,october,4.53,5.03,3.41,13.3,7,105,869.7919408,2021-10-10,0.1634,0.0645,0.8310525085526315,43.153938519922235,33.63244845067261,9.521490069249621,955.4612655852644,NA,5409.696293,23057.21605465414,304298.32052376884,NA,NA
10,21,0.759795704,0.346730435,0.014250047,44.6768938488159,12.336918973925664,57.01381282274156,21C,164.43267468787838,128.8519533879854,35.580721299893,4000.956124758154,3135.210280275981,865.7458444821735,ambient,0,fall,october,4.53,5.03,3.41,13.3,7,106,444.343309,2021-10-10,0.1374,0.0545,0.45842113436390103,124.36994839222052,97.45818964217031,26.91175875005023,1031.682316530395,NA,8679.899957,20588.235294117647,287165.7754010695,NA,NA
11,21,0.67318108,0.324448598,0.017397194,32.91839424375526,9.141445855384518,42.05984009913978,21C,129.63483386400634,101.4595052858119,28.17532857819444,2417.6220658998095,1892.1668772421149,525.4551886576949,ambient,0,fall,october,4.53,5.03,3.41,13.3,7,107,464.179009,2021-10-10,0.1314,0.0473,0.43085638377473356,97.61916425759657,76.40224326110048,21.216920996496082,928.2116929478246,NA,8949.892641,21217.966381923397,307247.1755304492,NA,NA
12,18,1.12017386,0.545923812,0.012856025,35.62122941587172,9.588128860489553,45.20935827636127,18C,82.81257802391166,65.24945172362571,17.56312630028593,3516.5891693864373,2770.7809696909985,745.8081996954386,ambient,0,fall,october,4.53,5.03,3.41,13.3,7,108,728.0363657,2021-10-10,0.1341,0.0486,0.714204810067114,63.30027134949278,49.87537036123347,13.424900988259312,981.0015594212974,NA,7519.889157,19061.16642958748,298150.78236130864,NA,NA
13,21,1.072416614,0.533825159,0.0127829,37.651042657619605,11.133765804926712,48.78480846254632,21C,91.38724100964734,70.53066350066801,20.856577508979324,3816.411648573197,2945.4226081420966,870.9890404311003,ambient,0,fall,october,4.53,5.03,3.41,13.3,7,109,754.5869893,2021-10-10,0.1381,0.0455,0.7190860134424331,67.8427998189007,52.35958140442094,15.48321841447975,952.953103669996,NA,7966.099157,21525.885558583104,316893.73297002725,NA,NA
14,24,1.395038142,0.606913501,0.015780741,62.89999047859654,17.95011478274811,80.85010526134465,24C,133.21520303656033,103.63913535447377,29.576067682086563,5123.340232334124,3985.8705290579537,1137.4697032761712,ambient,0,fall,october,4.53,5.03,3.41,13.3,7,110,876.0319112,2021-10-10,0.1849,0.0731,0.8435114346976745,95.8494478386323,74.56922086793135,21.28022697070095,962.8775206855439,NA,6424.901307,19066.7335674862,282739.58855995984,NA,NA
15,15,2.034357044,1.000220756,0.022270594,41.402858812542185,9.18362441214336,50.586483224685544,15C,50.575318419692486,41.39372090029112,9.181597519401368,2271.4474173740286,1859.081927161089,412.36549021294,ambient,0,fall,october,4.53,5.03,3.41,13.3,7,111,1475.741076,2021-10-10,0.183,0.0611,1.3551263588174864,37.32971681609709,30.55276620009904,6.77695061599805,918.2683743482698,NA,9010.877581,21324.354657687993,320426.48709315376,NA,NA
16,24,1.11661528,0.525394308,0.019806132,49.91765300006127,14.59628494179689,64.51393794185816,24C,122.79146720763134,95.00988541364494,27.781581793986415,3257.270927097636,2520.313052546619,736.9578745510173,ambient,0,fall,october,4.53,5.03,3.41,13.3,7,112,68.58695731,2021-10-10,0.1242,0.0441,0.7201359414492754,89.58577711317074,69.31698603961061,20.268791073560124,10499.604730887797,NA,8725.415433,19553.07262569832,312290.50279329607,NA,NA
1,18,1.095309695,0.575184022,0.018799192,50.00529075326481,12.77594159959307,62.78123235285788,18C,109.14981979951084,86.93789959496617,22.21192020454468,3339.5707833005736,2659.970213255166,679.6005700454078,enriched,1,fall,october,376.76,438.69,325.74,332.08,7,97,537.3286982,2021-10-10,0.1395,0.0506,0.6980145654874552,89.9425820849668,71.63932276734633,18.303259317620473,1299.0457569561008,NA,6452.80236,19447.287615148412,302200.6141248721,NA,NA
2,21,1.449527754,0.51723586,0.020734662,63.8287891609161,17.71903483571567,81.54782399663178,21C,157.66080873942457,123.40364251023917,34.25716622918541,3932.9227549806105,3078.3616902419776,854.5610647386328,enriched,1,fall,october,376.76,438.69,325.74,332.08,7,98,836.858342,2021-10-10,0.1903,0.0761,0.8698689937299001,93.74724767112794,73.37747364373278,20.369774027395145,1039.4459254011954,NA,4938.202457,17833.37769496939,281607.66569071065,NA,NA
3,18,1.024871851,0.43955999,0.016434201,37.58570691783547,11.51424427139674,49.099951189232215,18C,111.70250319923844,85.50757069094362,26.19493250829481,2987.6688978814495,2287.041938810136,700.6269590713136,enriched,1,fall,october,376.76,438.69,325.74,332.08,7,99,616.3438414,2021-10-10,0.1438,0.0545,0.6364468448838665,77.14697870517618,59.05553184837266,18.091446856803515,1032.6165398817052,NA,5931.537955,19494.783086216365,304503.02031850634,NA,NA
4,24,0.817661984,0.352105692,0.00959992,46.01091152396323,15.575169220048195,61.586080744011426,24C,174.9079385629796,130.6735806019382,44.23435796104141,6415.2702047528965,4792.843224106371,1622.426980646526,enriched,1,fall,october,376.76,438.69,325.74,332.08,7,100,493.5166163,2021-10-10,0.1184,0.0439,0.5144917044594596,119.7027672364817,89.42984138549653,30.272925850985168,1042.5012805378556,NA,7663.428017,20786.516853932582,290730.33707865165,NA,NA
5,15,0.837126522,0.374492431,0.015734565,33.48507367854786,9.742024385580391,43.227098064128256,15C,115.42849597440396,89.41455395809551,26.013942016308448,2747.2699794451423,2128.1219835786924,619.1479958664503,enriched,1,fall,october,376.76,438.69,325.74,332.08,7,101,497.7333089,2021-10-10,0.1366,0.0591,0.4749436709736457,91.01521023643012,70.50325275395853,20.51195748247158,954.2131548786241,NA,7653.953586,18604.6511627907,270588.23529411765,NA,NA
6,24,0.875692243,0.424079624,0.012835685,44.09590476998363,15.619586149098536,59.71549091908217,24C,140.8119785521272,103.98024869495649,36.83172985717073,4652.302617202134,3435.414998886591,1216.8876183155428,enriched,1,fall,october,376.76,438.69,325.74,332.08,7,102,690.0806024,2021-10-10,0.1142,0.0413,0.559001440584063,106.82528985379622,78.88334728424097,27.941942569555245,810.0523890107,NA,7414.351006,20396.60056657224,283569.40509915014,NA,NA
7,18,0.862656401,0.398331712,0.01286986,40.3850844411637,12.758899156278051,53.143983597441746,18C,133.41640144744926,101.38556189361016,32.030839553839115,4129.336573781047,3137.9583337475074,991.3782400335396,enriched,1,fall,october,376.76,438.69,325.74,332.08,7,103,536.7073445,2021-10-10,0.1203,0.0446,0.5428353246525353,97.90074666098563,74.39656670651249,23.504179954473162,1011.4177311254127,NA,6268.436578,21556.550951847705,303191.4893617021,NA,NA
8,18,0.977197712,0.411762746,0.016348506,39.54815127943908,11.36177739231336,50.90992867175244,18C,123.63898668907856,96.04596740142946,27.593019287649103,3114.0416544332825,2419.068218186976,694.9734362463066,enriched,1,fall,october,376.76,438.69,325.74,332.08,7,104,597.5200148,2021-10-10,0.1289,0.0549,0.5609979106904577,90.7488739291278,70.49607587800911,20.252798051118695,938.8771870315225,NA,8530.052087,22015.24132091448,291278.5774767146,NA,NA
9,24,1.373043275,0.635742227,0.014935898,53.74173883821065,16.908849100265396,70.65058793847605,24C,111.13087181870657,84.53385123057218,26.59702058813437,4730.2537777424595,3598.1592026278336,1132.0945751146262,enriched,1,fall,october,376.76,438.69,325.74,332.08,7,105,869.7919408,2021-10-10,0.1634,0.0645,0.8310525085526315,85.01338629194652,64.66707973941111,20.34630655253541,955.4612655852644,NA,5409.696293,23057.21605465414,304298.32052376884,NA,NA
10,15,0.759795704,0.346730435,0.014250047,36.665779907937136,10.80789178216092,47.47367169009806,15C,136.9180980322597,105.74722091510984,31.170877117149864,3331.4747446164956,2573.0287000412795,758.4460445752158,enriched,1,fall,october,376.76,438.69,325.74,332.08,7,106,444.343309,2021-10-10,0.1374,0.0545,0.45842113436390103,103.55908166400724,79.9827432886882,23.57633837531903,1031.682316530395,NA,8679.899957,20588.235294117647,287165.7754010695,NA,NA
11,21,0.67318108,0.324448598,0.017397194,35.95739453424542,12.237066071164666,48.194460605410086,21C,148.54266870775658,110.82616709055844,37.716501617198134,2770.2433280568166,2066.8502365522522,703.3930915045647,enriched,1,fall,october,376.76,438.69,325.74,332.08,7,107,464.179009,2021-10-10,0.1314,0.0473,0.43085638377473356,111.85736691000915,83.45563832482327,28.401728585185875,928.2116929478246,NA,8949.892641,21217.966381923397,307247.1755304492,NA,NA
12,15,1.12017386,0.545923812,0.012856025,34.24615752226444,9.100870525185975,43.347028047450415,15C,79.40124078605024,62.73065356281701,16.670587223233227,3371.728667877545,2663.821634001524,707.9070338760213,enriched,1,fall,october,376.76,438.69,325.74,332.08,7,108,728.0363657,2021-10-10,0.1341,0.0486,0.714204810067114,60.69271368163578,47.95005163721359,12.742662044422193,981.0015594212974,NA,7519.889157,19061.16642958748,298150.78236130864,NA,NA
13,21,1.072416614,0.533825159,0.0127829,39.27067083891061,14.616501964787956,53.88717280369856,21C,100.94535990893333,73.56466846275148,27.38069144618183,4215.567109474264,3072.125326718554,1143.4417827557097,enriched,1,fall,october,376.76,438.69,325.74,332.08,7,109,754.5869893,2021-10-10,0.1381,0.0455,0.7190860134424331,74.93842432802725,54.61192417150866,20.326500156518605,952.953103669996,NA,7966.099157,21525.885558583104,316893.73297002725,NA,NA
14,21,1.395038142,0.606913501,0.015780741,61.48459103197253,17.27030404136472,78.75489507333725,21C,129.7629644810575,101.30700821561148,28.45595626544601,4990.570155947509,3896.178958388109,1094.3911975594,enriched,1,fall,october,376.76,438.69,325.74,332.08,7,110,876.0319112,2021-10-10,0.1849,0.0731,0.8435114346976745,93.36553345191346,72.8912359724079,20.474297479505566,962.8775206855439,NA,6424.901307,19066.7335674862,282739.58855995984,NA,NA
15,15,2.034357044,1.000220756,0.022270594,49.815904701187954,10.174817073421584,59.99072177460954,15C,59.97748138572875,49.804909968482946,10.172571417245797,2693.7189809400475,2236.8467002356538,456.8722807043935,enriched,1,fall,october,376.76,438.69,325.74,332.08,7,111,1475.741076,2021-10-10,0.183,0.0611,1.3551263588174864,44.26946711224685,36.76107720659971,7.508389905647143,918.2683743482698,NA,9010.877581,21324.354657687993,320426.48709315376,NA,NA
16,24,1.11661528,0.525394308,0.019806132,54.61813240411414,14.52542199837124,69.14355440248538,24C,131.6031661357195,103.95646007667472,27.64670605904478,3491.017549639949,2757.637503582938,733.380046057011,enriched,1,fall,october,376.76,438.69,325.74,332.08,7,112,68.58695731,2021-10-10,0.1242,0.0441,0.7201359414492754,96.01458616734752,75.84419726946973,20.170388897877796,10499.604730887797,NA,8725.415433,19553.07262569832,312290.50279329607,NA,NA
1,9.5,0.5597238,0.212292099,0.01128029,22.26247179893952,3.9338219305636906,26.196293729503218,9.5C,123.39740316714854,104.86717076992828,18.530232397220257,2322.306760686402,1973.5726474177104,348.7341132686917,ambient,0,winter,november,2.06,2.31,0.23,6.42,8,113,262.0090607,2021-11-28,0.0447,0.0236,0.26420966845637583,99.14964082333928,84.2606250142406,14.889015809098641,1008.3989757854042,NA,11357.24592,15515.064044741115,215226.41169042035,NA,NA
2,18.5,0.6470415,0.011624122,0.011245173,40.02252466282081,10.3182392183874,50.34076388120821,18.5C,4330.715376284609,3443.0578638817456,887.6575124028636,4476.655350807693,3559.0848324717463,917.5705183359472,ambient,0,winter,november,2.06,2.31,0.23,6.42,8,114,382.5453793,2021-11-28,0.2285,0.1567,0.20331544726477024,247.59930717734045,196.8494042201375,50.749902957202934,531.4805988162939,NA,13639.24296,14092.446448703495,173759.8647125141,NA,NA
3,9.5,1.9001655,0.714165281,0.018090417,35.09681215825935,5.595219786031259,40.692031944290605,9.5C,56.97845166501535,49.14382299446918,7.834628670546166,2249.3694835387487,1940.0775647271892,309.29191881155964,ambient,0,winter,november,2.06,2.31,0.23,6.42,8,115,770.2550547,2021-11-28,0.2454,0.1711,0.5753149822738387,70.73000564571078,61.0045162035324,9.725489442178377,746.914906644674,NA,14476.70893,16453.944333384592,230508.99584807013,NA,NA
4,9.5,1.0441593,0.656097808,0.014537485,24.191498097965223,3.998642032062067,28.190140130027295,9.5C,42.96636840772267,36.87178619253248,6.094582215190189,1939.13459790516,1664.077252562271,275.0573453428889,ambient,0,winter,november,2.06,2.31,0.23,6.42,8,116,604.9971461,2021-11-28,0.1447,0.058,0.6256296565998618,45.058829664874814,38.66744142123931,6.391388243635492,1034.103484012884,NA,7873.449048,21547.046969462102,294527.98015811504,NA,NA
5,15.5,0.632958,0.301716306,0.011185008,26.677639580267986,7.450128949705312,34.127768529973295,15.5C,113.1121117795115,88.4196148824253,24.692496897086205,3051.206447950086,2385.1247652454053,666.0816827046805,ambient,0,winter,november,2.06,2.31,0.23,6.42,8,117,354.2857305,2021-11-28,0.153,0.074,0.32682145098039217,104.42328197123392,81.62756606165526,22.79571590957867,922.4798597424522,NA,11974.18387,18620.26862026862,248015.87301587302,NA,NA
6,9.5,1.4850651,0.645456968,0.016220823,29.334492185953724,5.261362482686911,34.595854668640634,9.5C,53.599010288538146,45.44763421928652,8.151376069251624,2132.805139951323,1808.4465989150935,324.35854103622927,ambient,0,winter,november,2.06,2.31,0.23,6.42,8,118,777.2044895,2021-11-28,0.1685,0.0874,0.7147702054005936,48.40136649127863,41.040451832366436,7.360914658912197,919.6681376099972,NA,11994.93772,17606.154756620803,232134.93120284064,NA,NA
7,18.5,0.6982095,0.362604429,0.011743485,43.60744067942611,9.76751637225554,53.37495705168165,18.5C,147.19885578585044,120.2617430782295,26.93711270762095,4545.069632369066,3713.3304704205025,831.7391619485646,ambient,0,winter,november,2.06,2.31,0.23,6.42,8,119,309.5646786,2021-11-28,0.1204,0.0656,0.31778970598006645,167.95684708248424,137.2210611572214,30.735785925262835,1026.5696571626452,NA,11199.63091,21205.887007437886,224244.3424592499,NA,NA
8,15.5,0.8310618,0.576903109,0.012242066,39.64794285511992,10.131704608276088,49.77964746339601,15.5C,86.2877087795275,68.72547961103105,17.562229168496454,4066.278311470957,3238.664360665914,827.6139508050429,ambient,0,winter,november,2.06,2.31,0.23,6.42,8,120,434.684287,2021-11-28,0.1312,0.0514,0.5054781375,98.48031748632454,78.43651369614362,20.04380379018091,1162.8626859015035,NA,8197.447714,22263.165975740827,293106.09550130507,NA,NA
9,18.5,1.7011146,0.930388062,0.015658137,48.552429124197786,12.521403719959316,61.0738328441571,18.5C,65.64339692071103,52.18513769386455,13.45825922684648,3900.453345385668,3100.779430158121,799.673915227547,ambient,0,winter,november,2.06,2.31,0.23,6.42,8,121,841.8502129,2021-11-28,0.2522,0.1501,0.6886748638382234,88.68311601177294,70.50123603117775,18.181879980595195,818.049165142907,NA,8299.360032,18312.101910828027,241401.27388535033,NA,NA
10,18.5,0.9865461,0.305527025,0.012840422,52.64722563469709,10.674374420284884,63.32160005498197,18.5C,207.25367929394125,172.31610079238354,34.9375785015577,4931.426712843391,4100.11646304904,831.3102497943512,ambient,0,winter,november,2.06,2.31,0.23,6.42,8,122,597.2050181,2021-11-28,0.1994,0.1158,0.4136171211634904,153.09230884074753,127.28492835741976,25.80738048332778,692.5881541977125,NA,12393.62142,11129.848229342328,158853.2883642496,NA,NA
11,12.5,1.5178446,0.67855543,0.015127527,33.76191395066497,7.712422695702834,41.4743366463678,12.5C,61.12151611013975,49.75557258552182,11.36594352461793,2741.6468432922184,2231.8197779891566,509.82706530306206,ambient,0,winter,november,2.06,2.31,0.23,6.42,8,123,658.2369183,2021-11-28,0.1818,0.1007,0.6771022940594059,61.252689601327845,49.86235351272174,11.390336088606105,1028.6604643934722,NA,6618.095863,17596.871667259154,234624.95556345538,NA,NA
12,15.5,1.5408456,0.538381121,0.015123725,52.87415333497563,13.564956448037934,66.43910978301356,15.5C,123.40534835175538,98.20952346316696,25.19582488858842,4393.038737679611,3496.1065038524325,896.9322338271778,ambient,0,winter,november,2.06,2.31,0.23,6.42,8,124,834.5079807,2021-11-28,0.1564,0.0837,0.716237053196931,92.76134135543806,73.82214184392072,18.93919951151734,858.2746597535696,NA,9513.750933,16129.032258064515,212180.2002224694,NA,NA
13,12.5,0.745749,0.392,0.012319978,31.134422494304214,6.730509641656259,37.86493213596047,12.5C,96.59421463255222,79.42454717934748,17.16966745320474,3073.4577720804755,2527.149195745659,546.3085763348164,ambient,0,winter,november,2.06,2.31,0.23,6.42,8,125,526.0441887,2021-11-28,0.2537,0.1754,0.2301621864406779,164.5141311938301,135.2716663661379,29.242464827692206,437.5339398948062,NA,17502.9091,11333.333333333334,155111.11111111112,NA,NA
14,15.5,1.3221762,0.313910419,0.018210413,58.90357355034622,15.44522394482348,74.3487974951697,15.5C,236.8471799439371,187.6445316405577,49.20264830337945,4082.76283987462,3234.6094265048364,848.1534133697835,ambient,0,winter,november,2.06,2.31,0.23,6.42,8,126,718.8494189,2021-11-28,0.1917,0.1111,0.5559071555555555,133.7431920998893,105.95937282275115,27.783819277138154,773.3290741282332,NA,7027.242001,15530.247004880934,209436.4738943943,NA,NA
15,12.5,0.5124426,0.10073847,0.013958869,35.59023164547282,7.253711336913824,42.84394298238664,12.5C,425.298726319614,353.2933510452642,72.00537527434975,3069.29902289266,2549.6500931037335,519.6489297889266,ambient,0,winter,november,2.06,2.31,0.23,6.42,8,127,359.7883273,2021-11-28,0.1632,0.0965,0.20943579301470588,204.568389985652,169.93385482573072,34.63453515992127,582.1083596191085,NA,14816.87366,17577.068685776096,214440.23796646835,NA,NA
16,12.5,1.2925824,0.793251683,0.016346817,35.08925309617276,6.657652402209532,41.74690549838229,12.5C,52.627566247952466,44.23470362327962,8.392862624672846,2553.8247292046085,2146.5495757475455,407.27515345706337,ambient,0,winter,november,2.06,2.31,0.23,6.42,8,128,776.2978854,2021-11-28,0.18,0.0825,0.7001487999999999,59.6257616929177,50.11685101248872,9.50891068042898,901.9073904075326,NA,7440.814655,19634.21194190425,255244.75524475524,NA,NA
1,15.5,0.5597238,0.212292099,0.01128029,29.241040114434583,9.548773491226443,38.789813605661024,15.5C,182.71906391420163,137.7396532992713,44.97941061493034,3438.7248559798572,2592.224146226257,846.5007097536006,enriched,1,winter,november,362.43,408.12,315.7,329.58,8,113,262.0090607,2021-11-28,0.0447,0.0236,0.26420966845637583,146.8145122481227,110.67361874102887,36.140893507093814,1008.3989757854042,NA,11357.24592,15515.064044741115,215226.41169042035,NA,NA
2,15.5,0.6470415,0.011624122,0.011245173,28.321328463683987,10.205433303642447,38.526761767326434,15.5C,3314.380369315328,2436.4273244623537,877.9530448529745,3426.0710588735656,2518.532037140201,907.5390217333648,enriched,1,winter,november,362.43,408.12,315.7,329.58,8,114,382.5453793,2021-11-28,0.2285,0.1567,0.20331544726477024,189.4925461180254,139.2974751534848,50.19507096454056,531.4805988162939,NA,13639.24296,14092.446448703495,173759.8647125141,NA,NA
3,9.5,1.9001655,0.714165281,0.018090417,35.48245415476832,6.604199349109132,42.08665350387745,9.5C,58.93125110331071,49.68381283543287,9.247438267877842,2326.4612144583207,1961.395038863301,365.06617559501984,enriched,1,winter,november,362.43,408.12,315.7,329.58,8,115,770.2550547,2021-11-28,0.2454,0.1711,0.5753149822738387,73.15410653401865,61.67483074146566,11.479275792552995,746.914906644674,NA,14476.70893,16453.944333384592,230508.99584807013,NA,NA
4,15.5,1.0441593,0.656097808,0.014537485,35.54341940550021,11.56363118016984,47.10705058567005,15.5C,71.7988233023788,54.17396457069128,17.624858731687517,3240.385155043672,2444.94968734277,795.4354677009014,enriched,1,winter,november,362.43,408.12,315.7,329.58,8,116,604.9971461,2021-11-28,0.1447,0.058,0.6256296565998618,75.29542451949114,56.81223553031303,18.4831889891781,1034.103484012884,NA,7873.449048,21547.046969462102,294527.98015811504,NA,NA
5,12.5,0.632958,0.301716306,0.011185008,22.08557571510391,6.06705304845905,28.15262876356297,12.5C,93.30827735761476,73.19980815058737,20.10846920702738,2516.9967481080894,1974.5695054580128,542.4272426500768,enriched,1,winter,november,362.43,408.12,315.7,329.58,8,117,354.2857305,2021-11-28,0.153,0.074,0.32682145098039217,86.14070061530937,67.57688532638252,18.563815288926815,922.4798597424522,NA,11974.18387,18620.26862026862,248015.87301587302,NA,NA
6,18.5,1.4850651,0.645456968,0.016220823,50.7675530959788,14.147262904166306,64.91481600014511,18.5C,100.57187267075118,78.65366029479257,21.91821237595859,4001.94342791023,3129.7766516519414,872.1667762582889,enriched,1,winter,november,362.43,408.12,315.7,329.58,8,118,777.2044895,2021-11-28,0.1685,0.0874,0.7147702054005936,90.81914090664083,71.02639801210807,19.79274289453274,919.6681376099972,NA,11994.93772,17606.154756620803,232134.93120284064,NA,NA
7,9.5,0.6982095,0.362604429,0.011743485,29.724858648522023,7.39977432893492,37.12463297745694,9.5C,102.38328605042202,81.9759944204157,20.407291630006316,3161.296069902328,2531.178661915268,630.1174079870601,enriched,1,winter,november,362.43,408.12,315.7,329.58,8,119,309.5646786,2021-11-28,0.1204,0.0656,0.31778970598006645,116.8213830682911,93.53625397289153,23.28512909539957,1026.5696571626452,NA,11199.63091,21205.887007437886,224244.3424592499,NA,NA
8,18.5,0.8310618,0.576903109,0.012242066,28.369500634333978,9.189760488653086,37.55926112298707,18.5C,65.10497263239236,49.17550311612895,15.929469516263408,3068.049226575569,2317.3785073805334,750.6707191950351,enriched,1,winter,november,362.43,408.12,315.7,329.58,8,120,434.684287,2021-11-28,0.1312,0.0514,0.5054781375,74.30442255870476,56.12409030120314,18.18033225750161,1162.8626859015035,NA,8197.447714,22263.165975740827,293106.09550130507,NA,NA
9,18.5,1.7011146,0.930388062,0.015658137,51.39887542866125,13.26824930729766,64.66712473595891,18.5C,69.50554008286373,55.24455603844716,14.260984044416576,4129.937344139913,3282.56646551638,847.3708786235336,enriched,1,winter,november,362.43,408.12,315.7,329.58,8,121,841.8502129,2021-11-28,0.2522,0.1501,0.6886748638382234,93.90080592682973,74.63445833088421,19.266347595945515,818.049165142907,NA,8299.360032,18312.101910828027,241401.27388535033,NA,NA
10,12.5,0.9865461,0.305527025,0.012840422,40.90735685489263,8.660940621025935,49.56829747591857,12.5C,162.2386676789674,133.89112421361952,28.3475434653479,3860.3324311240367,3185.8265137152525,674.5059174087841,enriched,1,winter,november,362.43,408.12,315.7,329.58,8,122,597.2050181,2021-11-28,0.1994,0.1158,0.4136171211634904,119.84101948315073,98.90150760641068,20.939511876740045,692.5881541977125,NA,12393.62142,11129.848229342328,158853.2883642496,NA,NA
11,18.5,1.5178446,0.67855543,0.015127527,50.67459987569485,15.867176937474612,66.54177681316946,18.5C,98.06387786649864,74.680118432911,23.383759433587635,4398.721404573891,3349.8270983548637,1048.8943062190278,enriched,1,winter,november,362.43,408.12,315.7,329.58,8,123,658.2369183,2021-11-28,0.1818,0.1007,0.6771022940594059,98.2743337261997,74.84039017485428,23.43394355134543,1028.6604643934722,NA,6618.095863,17596.871667259154,234624.95556345538,NA,NA
12,12.5,1.5408456,0.538381121,0.015123725,47.51206278943994,9.639062918589934,57.15112570802987,12.5C,106.15365858646048,88.24986786533314,17.903790721127336,3778.9053760254087,3141.558233136343,637.3471428890656,enriched,1,winter,november,362.43,408.12,315.7,329.58,8,124,834.5079807,2021-11-28,0.1564,0.0837,0.716237053196931,79.79358991961568,66.335667189193,13.457922730422677,858.2746597535696,NA,9513.750933,16129.032258064515,212180.2002224694,NA,NA
13,12.5,0.745749,0.392,0.012319978,35.73217782119087,7.787909731116402,43.52008755230727,12.5C,111.02063151098793,91.1535148499767,19.867116661011227,3532.4809469876704,2900.3442880491234,632.1366589385469,enriched,1,winter,november,362.43,408.12,315.7,329.58,8,125,526.0441887,2021-11-28,0.2537,0.1754,0.2301621864406779,189.08443748002085,155.2478205641329,33.836616915887966,437.5339398948062,NA,17502.9091,11333.333333333334,155111.11111111112,NA,NA
14,15.5,1.3221762,0.313910419,0.018210413,53.63248401451767,15.038270627709904,68.67075464222758,15.5C,218.7590805714148,170.85283178994345,47.90624878147133,3770.9608586157583,2945.154731774489,825.8061268412695,enriched,1,winter,november,362.43,408.12,315.7,329.58,8,126,718.8494189,2021-11-28,0.1917,0.1111,0.5559071555555555,123.52917920907183,96.47741260124475,27.05176660782707,773.3290741282332,NA,7027.242001,15530.247004880934,209436.4738943943,NA,NA
15,9.5,0.5124426,0.10073847,0.013958869,25.137459809702055,5.359075870561383,30.49653568026344,9.5C,302.7297881361851,249.53188002261751,53.19790811356757,2184.742594852308,1800.8235344641498,383.91906038815773,enriched,1,winter,november,362.43,408.12,315.7,329.58,8,127,359.7883273,2021-11-28,0.1632,0.0965,0.20943579301470588,145.61281642112664,120.02465981513001,25.5881566059966,582.1083596191085,NA,14816.87366,17577.068685776096,214440.23796646835,NA,NA
16,9.5,1.2925824,0.793251683,0.016346817,29.946697997932883,6.284908118795389,36.23160611672827,9.5C,45.67479262029914,37.75182409279916,7.922968527499977,2216.4318666275076,1831.9589677876056,384.472898839902,enriched,1,winter,november,362.43,408.12,315.7,329.58,8,128,776.2978854,2021-11-28,0.18,0.0825,0.7001487999999999,51.74843707041743,42.77190505494387,8.976532015473554,901.9073904075326,NA,7440.814655,19634.21194190425,255244.75524475524,NA,NA
1,9,3.015693737,0.641249751,0.017884047,37.80098195735066,7.16532184094121,44.96630379829187,9C,70.12291814253174,58.948922628666494,11.17399551386525,2514.324850426297,2113.670466050031,400.65438437626614,ambient,0,spring,february,6.74,3.95,1.14,4.66,9,129,1607.902941,2022-02-27,1.1268,0.8872,0.6412497509630813,70.12291814656894,58.948922632060366,11.173995514508572,398.8112308347854,NA,17310.90648,NA,NA,NA,NA
2,12,2.589298034,0.702573861,0.020257477,44.332204418314234,11.09493503212617,55.42713945044041,12C,78.89154795988121,63.09970649237438,15.791841467506815,2736.132414240945,2188.4366161844455,547.6957980564988,ambient,0,spring,february,6.74,3.95,1.14,4.66,9,130,1626.821748,2022-02-27,0.3925,0.286,0.7025738614547773,78.89154790881456,63.099706451529826,15.791841457284729,431.86898768627555,NA,12030.75596,NA,NA,NA,NA
3,6,0.901397525,0.371898877,0.015412683,25.404360973798987,4.1636493881066,29.568010361905586,6C,79.50551128420209,68.30986202144135,11.195649262760746,1918.4207163610376,1648.2763561541483,270.14436020688936,ambient,0,spring,february,6.74,3.95,1.14,4.66,9,131,841.2481113,2022-02-27,0.2957,0.1737,0.37189887740953675,79.50551119665026,68.3098619462182,11.195649250432046,442.0798958286312,NA,10388.54209,NA,NA,NA,NA
4,6,2.248781515,0.663533276,0.011284353,26.099140744690978,3.161382004489642,29.260522749180616,6C,44.09804874530605,39.33358233670707,4.76446640859899,2593.017317801084,2312.861069189432,280.1562486116521,ambient,0,spring,february,6.74,3.95,1.14,4.66,9,132,2421.964322,2022-02-27,0.3545,0.2499,0.663533276358251,44.098048721496895,39.333582315470316,4.764466406026587,273.9649260441298,NA,12007.64764,NA,NA,NA,NA
5,6,1.769479658,0.562982361,0.015658137,37.21349564117092,4.970225339032869,42.18372098020379,6C,74.92902780341956,66.10064225648257,8.828385546937,2694.0446989449506,2376.623454065508,317.4212448794431,ambient,0,spring,february,6.74,3.95,1.14,4.66,9,133,1192.335538,2022-02-27,0.4746,0.3236,0.5629823606363253,74.92902785182213,66.10064229918218,8.828385552639949,472.16772686374907,NA,9487.971075,NA,NA,NA,NA
6,6,0.594507873,0.208154964,0.012279827,24.48798211199126,2.747721173323372,27.235703285314635,6C,130.84340032993225,117.64303690586624,13.200363424065984,2217.922392987673,1994.1634448100335,223.75894817763896,ambient,0,spring,february,6.74,3.95,1.14,4.66,9,134,561.7178081,2022-02-27,0.1925,0.1251,0.20815496436467534,130.84340010070224,117.64303669976252,13.20036340093972,370.56856906273924,NA,14327.48018,NA,NA,NA,NA
7,9,1.500148765,0.510041213,0.01147827,31.690210626967275,6.402079022572773,38.09228964954005,9C,74.6847287604189,62.132646968995566,12.552081791423335,3318.6438069099304,2760.8873660375016,557.7564408724287,ambient,0,spring,february,6.74,3.95,1.14,4.66,9,135,1265.125387,2022-02-27,0.3203,0.2114,0.51004121295192,74.68472876745922,62.132646974852626,12.552081792606586,403.15467398957503,NA,11162.40583,NA,NA,NA,NA
8,9,5.303335847,0.788944361,0.012531045,40.55690689807108,6.238848856772526,46.7957557548436,9C,59.314392836941266,51.40654893161861,7.907843905322654,3734.3857399637145,3236.514344818894,497.8713951448205,ambient,0,spring,february,6.74,3.95,1.14,4.66,9,136,1746.556204,2022-02-27,0.7159,0.6094,0.7889443605328951,59.31439287205912,51.406548962054536,7.907843910004598,451.7142699021297,NA,13594.10115,NA,NA,NA,NA
9,12,1.393463966,0.502658668,0.014508499,37.87662089719877,5.1940829586323645,43.070703855831134,12C,85.6857875886289,75.35256687784556,10.333220710783335,2968.653329047418,2610.6505502187906,358.0027788286276,ambient,0,spring,february,6.74,3.95,1.14,4.66,9,137,1467.660216,2022-02-27,0.3967,0.2536,0.5026586678462315,85.68578761484108,75.3525669008967,10.333220713944375,342.48980953928884,NA,12799.39055,NA,NA,NA,NA
10,9,2.418722695,0.797968933,0.015341495,54.04767439818429,8.192441968302102,62.24011636648639,9C,77.99816984414653,67.73155214826426,10.26661769588228,4056.97856476741,3522.9731129974157,534.0054517699939,ambient,0,spring,february,6.74,3.95,1.14,4.66,9,138,1741.947385,2022-02-27,0.4386,0.2939,0.7979689328921569,77.99816985468776,67.73155215741798,10.266617697269783,458.09014655867855,NA,14263.81105,NA,NA,NA,NA
11,12,1.647115923,0.478671152,0.012563514,36.69828206995667,7.834042887853142,44.53232495780981,12C,93.03323329961154,76.66700179574781,16.366231503863727,3544.5755827398143,2921.020509863456,623.5550728763579,ambient,0,spring,february,6.74,3.95,1.14,4.66,9,139,1261.795803,2022-02-27,0.4463,0.3166,0.4786711521691687,93.03323326673235,76.66700176865267,16.366231498079685,379.35706477315705,NA,14421.03767,NA,NA,NA,NA
12,12,1.197392932,0.621515152,0.011284878,49.7114477306456,9.629653831974789,59.34110156262039,12C,95.47812530662227,79.98428931406906,15.493835992553224,5258.461949045473,4405.138250554911,853.323698490563,ambient,0,spring,february,6.74,3.95,1.14,4.66,9,140,1429.494133,2022-02-27,0.2545,0.1224,0.6215151525233792,95.47812522621994,79.98428924671411,15.493835979505834,434.77978550288964,NA,9058.462843,NA,NA,NA,NA
13,15,4.086897779,0.745802846,0.017236225,79.11300133831007,14.25445408239018,93.36745542070024,15C,125.19053248651755,106.07763400558284,19.112898480934703,5416.931806164067,4589.926236070257,827.0055700938099,ambient,0,spring,february,6.74,3.95,1.14,4.66,9,141,2421.542323,2022-02-27,0.8028,0.6563,0.7458028458190082,125.19053251689883,106.07763403132581,19.112898485573034,307.9867069575097,NA,19836.8453,NA,NA,NA,NA
14,15,1.476956667,0.581711905,0.015764334,63.62216877952614,11.37717425019609,74.99934302972223,15C,128.9286713664941,109.37058057893132,19.55809078756277,4757.533241158315,4035.8297901786486,721.7034509796664,ambient,0,spring,february,6.74,3.95,1.14,4.66,9,142,1215.086714,2022-02-27,0.3745,0.227,0.5817119048931909,128.9286713901669,109.37058059901304,19.558090791153866,478.74106283182596,NA,13892.30503,NA,NA,NA,NA
15,15,1.083897296,0.416918359,0.019206287,52.91386444541443,11.583239984397297,64.49710442981173,15C,154.6996025421172,126.91660921896325,27.782993323153935,3358.12457815567,2755.028311584349,603.0962665713209,ambient,0,spring,february,6.74,3.95,1.14,4.66,9,143,820.1399785,2022-02-27,0.2397,0.1475,0.41691835916228615,154.69960248190011,126.91660916956076,27.782993312339364,508.3502451920604,NA,11186.82999,NA,NA,NA,NA
16,15,0.653894286,0.350950857,0.0142442,35.37911680977995,7.24601001828283,42.62512682806278,15C,121.45611266611832,100.80931875251112,20.6467939136072,2992.4549520550668,2483.7559715378857,508.69898051718104,ambient,0,spring,february,6.74,3.95,1.14,4.66,9,144,892.0317288,2022-02-27,0.158,0.0732,0.3509508572962025,121.45611256360938,100.80931866742807,20.646793896181304,393.4286707136717,NA,8950.380988,NA,NA,NA,NA
1,9,3.015693737,0.641249751,0.017884047,47.591066564421226,6.766351908794385,54.35741847321561,9C,84.76793696753515,74.21611702804579,10.551819939489356,3039.4361227755444,2661.0904435903813,378.3456791851635,enriched,1,spring,february,406.6,409.77,319.04,319.9,9,129,1607.902941,2022-02-27,1.1268,0.8872,0.6412497509630813,84.7679369724155,74.21611703231864,10.551819940096856,398.8112308347854,NA,17310.90648,NA,NA,NA,NA
2,6,2.589298034,0.702573861,0.020257477,31.50607198955247,6.980777495214979,38.48684948476745,6C,54.779791309041386,44.8437861674909,9.93600514155049,1899.88365702044,1555.2811433305574,344.60251368988247,enriched,1,spring,february,406.6,409.77,319.04,319.9,9,130,1626.821748,2022-02-27,0.3925,0.286,0.7025738614547773,54.779791273582326,44.843786138463436,9.936005135118895,431.86898768627555,NA,12030.75596,NA,NA,NA,NA
3,6,0.901397525,0.371898877,0.015412683,26.231431921362212,8.185573215566379,34.417005136928594,6C,92.54398780270743,70.53377556007574,22.010212242631695,2233.0314025746584,1701.9380675877271,531.0933349869312,enriched,1,spring,february,406.6,409.77,319.04,319.9,9,131,841.2481113,2022-02-27,0.2957,0.1737,0.37189887740953675,92.54398770079757,70.53377548240361,22.01021221839395,442.0798958286312,NA,10388.54209,NA,NA,NA,NA
4,15,2.248781515,0.663533276,0.011284353,80.29412170094943,14.566989306584103,94.86111100753354,15C,142.96360776265504,121.00993967475029,21.953668087904767,8406.428884982022,7115.527288179431,1290.9015968025906,enriched,1,spring,february,406.6,409.77,319.04,319.9,9,132,2421.964322,2022-02-27,0.3545,0.2499,0.663533276358251,142.96360768546697,121.00993960941531,21.953668076051667,273.9649260441298,NA,12007.64764,NA,NA,NA,NA
5,6,1.769479658,0.562982361,0.015658137,34.1431289731829,7.451273134143754,41.59440210732665,6C,73.8822474534449,60.64688938483971,13.235358068605198,2656.408109555221,2180.535843643653,475.8722659115676,enriched,1,spring,february,406.6,409.77,319.04,319.9,9,133,1192.335538,2022-02-27,0.4746,0.3236,0.5629823606363253,73.88224750117126,60.646889424016315,13.235358077154958,472.16772686374907,NA,9487.971075,NA,NA,NA,NA
6,12,0.594507873,0.208154964,0.012279827,33.146524915505296,7.68153422480885,40.828059140314146,12C,196.1426158461162,159.23965625679384,36.90295958932236,3324.8073560249786,2699.266440439698,625.5409155852806,enriched,1,spring,february,406.6,409.77,319.04,319.9,9,134,561.7178081,2022-02-27,0.1925,0.1251,0.20815496436467534,196.1426155024858,159.23965597781526,36.90295952467053,370.56856906273924,NA,14327.48018,NA,NA,NA,NA
7,9,1.500148765,0.510041213,0.01147827,32.526936910356824,6.596740374479923,39.123677284836745,9C,76.70689404629884,63.77315417128227,12.933739875016576,3408.4994763877085,2833.7839160741837,574.7155603135249,enriched,1,spring,february,406.6,409.77,319.04,319.9,9,135,1265.125387,2022-02-27,0.3203,0.2114,0.51004121295192,76.70689405352978,63.77315417729398,12.933739876235801,403.15467398957503,NA,11162.40583,NA,NA,NA,NA
8,9,5.303335847,0.788944361,0.012531045,42.614125876663216,5.805856815750815,48.41998269241403,9C,61.373127290042234,54.01410794374537,7.359019346296861,3864.001980075408,3400.684131025243,463.3178490501642,enriched,1,spring,february,406.6,409.77,319.04,319.9,9,136,1746.556204,2022-02-27,0.7159,0.6094,0.7889443605328951,61.373127326379006,54.01410797572514,7.359019350653866,451.7142699021297,NA,13594.10115,NA,NA,NA,NA
9,12,1.393463966,0.502658668,0.014508499,61.140752898839295,12.4744737753848,73.61522667422409,12C,146.4517203436032,121.63473305276672,24.81698729083649,5073.938156815815,4214.133584655401,859.8045721604144,enriched,1,spring,february,406.6,409.77,319.04,319.9,9,137,1467.660216,2022-02-27,0.3967,0.2536,0.5026586678462315,146.4517203884043,121.63473308997605,24.816987298428266,342.48980953928884,NA,12799.39055,NA,NA,NA,NA
10,15,2.418722695,0.797968933,0.015341495,88.27491710007776,15.49950943806655,103.77442653814433,15C,130.04820394197515,110.62450359840985,19.423700343565315,6764.29686534098,5753.997058310012,1010.2998070309671,enriched,1,spring,february,406.6,409.77,319.04,319.9,9,138,1741.947385,2022-02-27,0.4386,0.2939,0.7979689328921569,130.04820395955082,110.6245036133604,19.423700346190373,458.09014655867855,NA,14263.81105,NA,NA,NA,NA
11,6,1.647115923,0.478671152,0.012563514,19.046235211998916,6.157780621794284,25.2040158337932,6C,52.654135785047686,39.78981213390298,12.86432365114471,2006.1278901582157,1515.995860075367,490.1320300828482,enriched,1,spring,february,406.6,409.77,319.04,319.9,9,139,1261.795803,2022-02-27,0.4463,0.3166,0.4786711521691687,52.65413576643902,39.78981211984073,12.864323646598287,379.35706477315705,NA,14421.03767,NA,NA,NA,NA
12,9,1.197392932,0.621515152,0.011284878,30.36349861748215,6.0333951227712745,36.396893740253425,9C,58.561554972763446,48.853995787189035,9.707559185574407,3225.2802148373626,2690.6359658901188,534.6442489472438,enriched,1,spring,february,406.6,409.77,319.04,319.9,9,140,1429.494133,2022-02-27,0.2545,0.1224,0.6215151525233792,58.56155492344863,48.85399574604898,9.707559177399652,434.77978550288964,NA,9058.462843,NA,NA,NA,NA
13,15,4.086897779,0.745802846,0.017236225,79.51917568395753,13.76319263122185,93.28236831517938,15C,125.07644455298764,106.62224756910828,18.45419698387937,5411.995278268842,4613.49139292145,798.5038853473918,enriched,1,spring,february,406.6,409.77,319.04,319.9,9,141,2421.542323,2022-02-27,0.8028,0.6563,0.7458028458190082,125.07644458334126,106.6222475949834,18.454196988357843,307.9867069575097,NA,19836.8453,NA,NA,NA,NA
14,12,1.476956667,0.581711905,0.015764334,41.45283923685505,9.640548423046717,51.093387659901765,12C,87.83280386861219,71.26008403911734,16.572719829494837,3241.074926470206,2629.5331751316007,611.541751338605,enriched,1,spring,february,406.6,409.77,319.04,319.9,9,142,1215.086714,2022-02-27,0.3745,0.227,0.5817119048931909,87.83280388473932,71.26008405220153,16.572719832537782,478.74106283182596,NA,13892.30503,NA,NA,NA,NA
15,12,1.083897296,0.416918359,0.019206287,48.414025495184944,11.594881920781663,60.00890741596661,12C,143.93443253470784,116.12351543191444,27.81091710279341,3124.440836272342,2520.7384173309993,603.7024189413427,enriched,1,spring,february,406.6,409.77,319.04,319.9,9,143,820.1399785,2022-02-27,0.2397,0.1475,0.41691835916228615,143.93443247868115,116.12351538671318,27.810917091967966,508.3502451920604,NA,11186.82999,NA,NA,NA,NA
16,15,0.653894286,0.350950857,0.0142442,38.0862271385291,9.613009780962487,47.69923691949158,15C,135.91429104129978,108.52296376791324,27.39132727338656,3348.6778421737677,2673.805979874552,674.8718622992156,enriched,1,spring,february,406.6,409.77,319.04,319.9,9,144,892.0317288,2022-02-27,0.158,0.0732,0.3509508572962025,135.91429092658814,108.52296367631985,27.391327250268283,393.4286707136717,NA,8950.380988,NA,NA,NA,NA
